;Emoji;Cantidad;Para_busqueda
0;[eggplant];21;eggplant
1;[pinched_fingers];96;pinched fingers
2;[folded_hands_light_skin_tone];107;folded hands light skin tone
3;[man_facepalming_light_skin_tone];737;man facepalming light skin tone
4;[fish];211;fish
5;[zany_face];373;zany face
6;[face_with_tears_of_joy];10461;face with tears of joy
7;[face_with_open_mouth];54;face with open mouth
8;[blue_circle];407;blue circle
9;[pile_of_poo];1941;pile of poo
10;[face_holding_back_tears];166;face holding back tears
11;[handshake];72;handshake
12;[euro_banknote];5;euro banknote
13;[backhand_index_pointing_right_light_skin_tone];110;backhand index pointing right light skin tone
14;[cross_mark];385;cross mark
15;[rolling_on_the_floor_laughing];15912;rolling on the floor laughing
16;[grimacing_face];436;grimacing face
17;[face_without_mouth];52;face without mouth
18;[clapping_hands];4430;clapping hands
19;[winking_face];1258;winking face
20;[backhand_index_pointing_down_light_skin_tone];342;backhand index pointing down light skin tone
21;[face_with_rolling_eyes];1448;face with rolling eyes
22;[thinking_face];2237;thinking face
23;[grinning_face_with_sweat];1325;grinning face with sweat
24;[bell];41;bell
25;[deciduous_tree];1950;deciduous tree
26;[mushroom];366;mushroom
27;[smiling_face_with_tear];150;smiling face with tear
28;[Chile];26133;Chile
29;[round_pushpin];447;round pushpin
30;[writing_hand];464;writing hand
31;[loudly_crying_face];584;loudly crying face
32;[speaker_high_volume];47;speaker high volume
33;[confused_face];42;confused face
34;[man_shrugging_light_skin_tone];568;man shrugging light skin tone
35;[face_with_steam_from_nose];103;face with steam from nose
36;[angry_face];206;angry face
37;[clown_face];3897;clown face
38;[red_heart];3781;red heart
39;[pushpin];389;pushpin
40;[heart_exclamation];77;heart exclamation
41;[face_vomiting];1614;face vomiting
42;[smiling_face_with_halo];84;smiling face with halo
43;[keycap_4];29;keycap 4
44;[keycap_5];21;keycap 5
45;[check_mark_button];1175;check mark button
46;[thumbs_down];306;thumbs down
47;[pouting_face];1433;pouting face
48;[woman_raising_hand];142;woman raising hand
49;[woman_facepalming];544;woman facepalming
50;[money_bag];224;money bag
51;[alien];51;alien
52;[woman_facepalming_light_skin_tone];543;woman facepalming light skin tone
53;[folded_hands];790;folded hands
54;[red_circle];1942;red circle
55;[waving_hand];484;waving hand
56;[smiling_face_with_smiling_eyes];608;smiling face with smiling eyes
57;[man_raising_hand_light_skin_tone];37;man raising hand light skin tone
58;[grinning_squinting_face];852;grinning squinting face
59;[sunflower];278;sunflower
60;[rainbow];393;rainbow
61;[small_airplane];2;small airplane
62;[Argentina];74;Argentina
63;[raising_hands];571;raising hands
64;[kissing_face_with_closed_eyes];21;kissing face with closed eyes
65;[flexed_biceps];4072;flexed biceps
66;[winking_face_with_tongue];300;winking face with tongue
67;[lying_face];250;lying face
68;[face_with_spiral_eyes];148;face with spiral eyes
69;[woozy_face];283;woozy face
70;[pinching_hand_light_skin_tone];7;pinching hand light skin tone
71;[OK_hand_medium_skin_tone];28;OK hand medium skin tone
72;[studio_microphone];579;studio microphone
73;[thumbs_up];3195;thumbs up
74;[face_with_raised_eyebrow];221;face with raised eyebrow
75;[middle_finger_light_skin_tone];27;middle finger light skin tone
76;[smiling_face_with_open_hands];540;smiling face with open hands
77;[rat];164;rat
78;[man_facepalming];895;man facepalming
79;[person_facepalming];828;person facepalming
80;[bar_chart];76;bar chart
81;[link];127;link
82;[right_arrow_curving_down];63;right arrow curving down
83;[slightly_smiling_face];195;slightly smiling face
84;[right_arrow];754;right arrow
85;[backhand_index_pointing_down];3459;backhand index pointing down
86;[face_blowing_a_kiss];394;face blowing a kiss
87;[victory_hand];435;victory hand
88;[triangular_flag];89;triangular flag
89;[recycling_symbol];22;recycling symbol
90;[shark];5;shark
91;[eye];346;eye
92;[heart_suit];810;heart suit
93;[grinning_face];322;grinning face
94;[hot_pepper];869;hot pepper
95;[double_exclamation_mark];1174;double exclamation mark
96;[circus_tent];114;circus tent
97;[thumbs_up_light_skin_tone];264;thumbs up light skin tone
98;[sneezing_face];22;sneezing face
99;[disappointed_face];121;disappointed face
100;[sad_but_relieved_face];81;sad but relieved face
101;[nauseated_face];398;nauseated face
102;[eyes];745;eyes
103;[face_with_diagonal_mouth];30;face with diagonal mouth
104;[smiling_face_with_hearts];968;smiling face with hearts
105;[headphone];190;headphone
106;[megaphone];326;megaphone
107;[face_with_symbols_on_mouth];708;face with symbols on mouth
108;[up_arrow];52;up arrow
109;[down_arrow];421;down arrow
110;[chart_decreasing];54;chart decreasing
111;[chart_increasing];73;chart increasing
112;[beaming_face_with_smiling_eyes];953;beaming face with smiling eyes
113;[grinning_face_with_smiling_eyes];415;grinning face with smiling eyes
114;[pensive_face];245;pensive face
115;[bomb];53;bomb
116;[stopwatch];40;stopwatch
117;[police_car_light];549;police car light
118;[old_woman];10;old woman
119;[skull_and_crossbones];102;skull and crossbones
120;[coffin];32;coffin
121;[face_with_thermometer];2;face with thermometer
122;[pleading_face];236;pleading face
123;[mosquito];1;mosquito
124;[weary_face];156;weary face
125;[flushed_face];280;flushed face
126;[smiling_face];297;smiling face
127;[Ukraine];14;Ukraine
128;[crying_face];124;crying face
129;[expressionless_face];97;expressionless face
130;[rose];210;rose
131;[yellow_circle];58;yellow circle
132;[green_circle];174;green circle
133;[blue_book];232;blue book
134;[man_shrugging_medium_skin_tone];129;man shrugging medium skin tone
135;[black_circle];29;black circle
136;[white_circle];159;white circle
137;[ballot_box_with_ballot];971;ballot box with ballot
138;[anger_symbol];4;anger symbol
139;[television];455;television
140;[face_savoring_food];79;face savoring food
141;[unamused_face];217;unamused face
142;[person_shrugging];325;person shrugging
143;[black_small_square];49;black small square
144;[ghost];46;ghost
145;[collision];155;collision
146;[orange_circle];144;orange circle
147;[telephone_receiver];6;telephone receiver
148;[backhand_index_pointing_right];1498;backhand index pointing right
149;[rainbow_flag];125;rainbow flag
150;[broccoli];30;broccoli
151;[pill];13;pill
152;[green_heart];535;green heart
153;[musical_note];182;musical note
154;[face_with_monocle];350;face with monocle
155;[relieved_face];312;relieved face
156;[index_pointing_up];240;index pointing up
157;[sparkling_heart];262;sparkling heart
158;[baby];15;baby
159;[man];7;man
160;[check_mark];244;check mark
161;[woman_shrugging_light_skin_tone];289;woman shrugging light skin tone
162;[China];12;China
163;[face_screaming_in_fear];464;face screaming in fear
164;[anxious_face_with_sweat];51;anxious face with sweat
165;[OK_hand_light_skin_tone];127;OK hand light skin tone
166;[nose];3;nose
167;[OK_hand];639;OK hand
168;[waving_hand_light_skin_tone];20;waving hand light skin tone
169;[grinning_face_with_big_eyes];309;grinning face with big eyes
170;[film_projector];43;film projector
171;[flexed_biceps_light_skin_tone];414;flexed biceps light skin tone
172;[raised_fist];1221;raised fist
173;[fire];694;fire
174;[red_question_mark];178;red question mark
175;[face_with_hand_over_mouth];902;face with hand over mouth
176;[pen];23;pen
177;[laptop];102;laptop
178;[thread];247;thread
179;[index_pointing_up_light_skin_tone];30;index pointing up light skin tone
180;[broken_heart];108;broken heart
181;[cat];24;cat
182;[rabbit];10;rabbit
183;[backhand_index_pointing_left];66;backhand index pointing left
184;[smirking_face];306;smirking face
185;[man_shrugging];460;man shrugging
186;[keycap_2];46;keycap 2
187;[small_blue_diamond];219;small blue diamond
188;[ogre];55;ogre
189;[sparkles];742;sparkles
190;[astonished_face];81;astonished face
191;[dragon];6;dragon
192;[white_heart];79;white heart
193;[backhand_index_pointing_down_medium_skin_tone];228;backhand index pointing down medium skin tone
194;[partying_face];222;partying face
195;[mouse_face];15;mouse face
196;[persevering_face];23;persevering face
197;[raising_hands_light_skin_tone];197;raising hands light skin tone
198;[face_with_open_eyes_and_hand_over_mouth];60;face with open eyes and hand over mouth
199;[musical_notes];568;musical notes
200;[newspaper];134;newspaper
201;[speech_balloon];104;speech balloon
202;[magnifying_glass_tilted_left];55;magnifying glass tilted left
203;[dollar_banknote];65;dollar banknote
204;[soccer_ball];66;soccer ball
205;[smiling_face_with_sunglasses];669;smiling face with sunglasses
206;[performing_arts];24;performing arts
207;[exploding_head];107;exploding head
208;[globe_showing_Americas];148;globe showing Americas
209;[confounded_face];86;confounded face
210;[oncoming_fist];439;oncoming fist
211;[blue_heart];248;blue heart
212;[frowning_face];45;frowning face
213;[woman_dancing];102;woman dancing
214;[person_facepalming_light_skin_tone];158;person facepalming light skin tone
215;[brain];89;brain
216;[melting_face];140;melting face
217;[syringe];35;syringe
218;[pencil];76;pencil
219;[palm_tree];6;palm tree
220;[satellite_antenna];239;satellite antenna
221;[Russia];12;Russia
222;[woman_raising_hand_light_skin_tone];76;woman raising hand light skin tone
223;[middle_finger];140;middle finger
224;[raised_fist_medium_skin_tone];227;raised fist medium skin tone
225;[hundred_points];341;hundred points
226;[neutral_face];87;neutral face
227;[wine_glass];49;wine glass
228;[money_with_wings];57;money with wings
229;[yawning_face];88;yawning face
230;[spiral_shell];9;spiral shell
231;[crossed_swords];16;crossed swords
232;[hot_beverage];139;hot beverage
233;[exclamation_question_mark];88;exclamation question mark
234;[man_raising_hand];56;man raising hand
235;[red_exclamation_mark];215;red exclamation mark
236;[clapping_hands_light_skin_tone];651;clapping hands light skin tone
237;[loudspeaker];461;loudspeaker
238;[heart_hands];106;heart hands
239;[Italy];10;Italy
240;[Spain];21;Spain
241;[Venezuela];93;Venezuela
242;[Colombia];43;Colombia
243;[angry_face_with_horns];45;angry face with horns
244;[monkey];82;monkey
245;[person_gesturing_OK];14;person gesturing OK
246;[Cuba];43;Cuba
247;[man_facepalming_medium_skin_tone];111;man facepalming medium skin tone
248;[speaking_head];259;speaking head
249;[watch];89;watch
250;[1st_place_medal];6;1st place medal
251;[graduation_cap];5;graduation cap
252;[minus];26;minus
253;[axe];224;axe
254;[worried_face];30;worried face
255;[hand_with_fingers_splayed_light_skin_tone];42;hand with fingers splayed light skin tone
256;[pinched_fingers_light_skin_tone];22;pinched fingers light skin tone
257;[place_of_worship];8;place of worship
258;[raised_hand];20;raised hand
259;[United_Kingdom];7;United Kingdom
260;[United_States];57;United States
261;[purple_circle];119;purple circle
262;[elephant];1;elephant
263;[movie_camera];141;movie camera
264;[beating_heart];55;beating heart
265;[radio];250;radio
266;[trumpet];16;trumpet
267;[drum];24;drum
268;[violin];4;violin
269;[play_button];209;play button
270;[yellow_heart];170;yellow heart
271;[cup_with_straw];3;cup with straw
272;[coconut];2;coconut
273;[man_swimming];1;man swimming
274;[desert_island];3;desert island
275;[Statue_of_Liberty];20;Statue of Liberty
276;[department_store];2;department store
277;[tulip];77;tulip
278;[bouquet];46;bouquet
279;[no_one_under_eighteen];5;no one under eighteen
280;[person_facepalming_medium_skin_tone];52;person facepalming medium skin tone
281;[mage];4;mage
282;[backhand_index_pointing_up];64;backhand index pointing up
283;[backhand_index_pointing_left_light_skin_tone];14;backhand index pointing left light skin tone
284;[church];10;church
285;[squinting_face_with_tongue];233;squinting face with tongue
286;[black_heart];68;black heart
287;[snake];24;snake
288;[oncoming_fist_light_skin_tone];44;oncoming fist light skin tone
289;[peach];24;peach
290;[seedling];233;seedling
291;[bookmark_tabs];18;bookmark tabs
292;[cat_face];58;cat face
293;[warning];224;warning
294;[victory_hand_medium_skin_tone];20;victory hand medium skin tone
295;[raised_fist_light_skin_tone];201;raised fist light skin tone
296;[paw_prints];51;paw prints
297;[woman_getting_massage_medium_skin_tone];4;woman getting massage medium skin tone
298;[old_man];7;old man
299;[woman_facepalming_medium_skin_tone];91;woman facepalming medium skin tone
300;[man_dancing];29;man dancing
301;[women_with_bunny_ears];2;women with bunny ears
302;[saxophone];11;saxophone
303;[guitar];21;guitar
304;[woman_shrugging];253;woman shrugging
305;[globe_with_meridians];114;globe with meridians
306;[man_gesturing_OK];2;man gesturing OK
307;[cold_face];32;cold face
308;[cucumber];19;cucumber
309;[locked];33;locked
310;[large_blue_diamond];16;large blue diamond
311;[person_raising_hand];47;person raising hand
312;[cactus];28;cactus
313;[french_fries];5;french fries
314;[linked_paperclips];7;linked paperclips
315;[fountain];32;fountain
316;[smiling_face_with_horns];81;smiling face with horns
317;[person_tipping_hand];6;person tipping hand
318;[sign_of_the_horns];206;sign of the horns
319;[stop_sign];110;stop sign
320;[Brazil];44;Brazil
321;[hollow_red_circle];124;hollow red circle
322;[Peru];154;Peru
323;[woman_shrugging_medium_skin_tone];38;woman shrugging medium skin tone
324;[prohibited];54;prohibited
325;[popcorn];24;popcorn
326;[heart_hands_light_skin_tone];65;heart hands light skin tone
327;[Iran];8;Iran
328;[face_exhaling];33;face exhaling
329;[left_speech_bubble];9;left speech bubble
330;[victory_hand_light_skin_tone];77;victory hand light skin tone
331;[large_orange_diamond];43;large orange diamond
332;[nail_polish];51;nail polish
333;[saluting_face];40;saluting face
334;[robot];91;robot
335;[star_of_David];2;star of David
336;[Cape_Verde];1;Cape Verde
337;[ledger];7;ledger
338;[heavy_dollar_sign];13;heavy dollar sign
339;[currency_exchange];2;currency exchange
340;[thumbs_down_light_skin_tone];55;thumbs down light skin tone
341;[hot_springs];9;hot springs
342;[cyclone];7;cyclone
343;[balance_scale];136;balance scale
344;[OK_button];2;OK button
345;[clapping_hands_medium_skin_tone];138;clapping hands medium skin tone
346;[party_popper];162;party popper
347;[purple_heart];1054;purple heart
348;[diamond_suit];37;diamond suit
349;[downwards_button];40;downwards button
350;[banana];5;banana
351;[right_anger_bubble];10;right anger bubble
352;[Ecuador];14;Ecuador
353;[goal_net];2;goal net
354;[sleepy_face];89;sleepy face
355;[Mexico];32;Mexico
356;[skull];106;skull
357;[page_with_curl];41;page with curl
358;[spider];35;spider
359;[woman_detective];2;woman detective
360;[small_orange_diamond];79;small orange diamond
361;[copyright];14;copyright
362;[pig_nose];11;pig nose
363;[handshake_medium_skin_tone];3;handshake medium skin tone
364;[pear];152;pear
365;[red_apple];109;red apple
366;[peacock];20;peacock
367;[red_triangle_pointed_down];34;red triangle pointed down
368;[tired_face];56;tired face
369;[sun];129;sun
370;[family];11;family
371;[shushing_face];148;shushing face
372;[open_hands];7;open hands
373;[raising_hands_medium_skin_tone];67;raising hands medium skin tone
374;[yellow_square];24;yellow square
375;[dotted_line_face];10;dotted line face
376;[revolving_hearts];117;revolving hearts
377;[cherry_blossom];60;cherry blossom
378;[pregnant_woman];8;pregnant woman
379;[backhand_index_pointing_down_dark_skin_tone];29;backhand index pointing down dark skin tone
380;[downcast_face_with_sweat];34;downcast face with sweat
381;[vulcan_salute];21;vulcan salute
382;[cupcake];1;cupcake
383;[dog];59;dog
384;[cigarette];3;cigarette
385;[cloud_with_rain];37;cloud with rain
386;[Paraguay];4;Paraguay
387;[mobile_phone_with_arrow];233;mobile phone with arrow
388;[grinning_cat_with_smiling_eyes];31;grinning cat with smiling eyes
389;[frog];85;frog
390;[deaf_person];4;deaf person
391;[bellhop_bell];3;bellhop bell
392;[camera];25;camera
393;[leaf_fluttering_in_wind];83;leaf fluttering in wind
394;[face_with_tongue];32;face with tongue
395;[Christmas_tree];10;Christmas tree
396;[mouth];8;mouth
397;[egg];50;egg
398;[trident_emblem];3;trident emblem
399;[gorilla];28;gorilla
400;[avocado];14;avocado
401;[cow];9;cow
402;[plus];145;plus
403;[love_hotel];1;love hotel
404;[two_hearts];314;two hearts
405;[Croatia];12;Croatia
406;[hot_face];56;hot face
407;[chicken];6;chicken
408;[leafy_green];7;leafy green
409;[clinking_beer_mugs];16;clinking beer mugs
410;[pinching_hand];14;pinching hand
411;[package];5;package
412;[herb];193;herb
413;[kitchen_knife];12;kitchen knife
414;[dashing_away];14;dashing away
415;[four_leaf_clover];151;four leaf clover
416;[face_with_peeking_eye];115;face with peeking eye
417;[high_voltage];65;high voltage
418;[person_shrugging_light_skin_tone];59;person shrugging light skin tone
419;[pig_face];71;pig face
420;[meat_on_bone];6;meat on bone
421;[sleeping_face];64;sleeping face
422;[telephone];7;telephone
423;[octopus];5;octopus
424;[thumbs_up_medium_skin_tone];54;thumbs up medium skin tone
425;[woman_dancing_light_skin_tone];23;woman dancing light skin tone
426;[crossed_fingers_light_skin_tone];11;crossed fingers light skin tone
427;[balloon];42;balloon
428;[crescent_moon];2;crescent moon
429;[bullseye];18;bullseye
430;[goblin];30;goblin
431;[camera_with_flash];63;camera with flash
432;[Uruguay];22;Uruguay
433;[growing_heart];108;growing heart
434;[water_pistol];3;water pistol
435;[European_Union];7;European Union
436;[funeral_urn];3;funeral urn
437;[amphora];1;amphora
438;[framed_picture];1;framed picture
439;[weary_cat];15;weary cat
440;[P_button];12;P button
441;[face_with_medical_mask];39;face with medical mask
442;[memo];120;memo
443;[nerd_face];207;nerd face
444;[man_kneeling];3;man kneeling
445;[mobile_phone];54;mobile phone
446;[boxing_glove];24;boxing glove
447;[house];77;house
448;[keycap_1];50;keycap 1
449;[keycap_3];29;keycap 3
450;[ticket];2;ticket
451;[man_gesturing_NO];18;man gesturing NO
452;[orangutan];16;orangutan
453;[dove];42;dove
454;[airplane];19;airplane
455;[heart_on_fire];66;heart on fire
456;[musical_score];76;musical score
457;[water_wave];75;water wave
458;[man_cartwheeling];5;man cartwheeling
459;[glowing_star];64;glowing star
460;[writing_hand_light_skin_tone];32;writing hand light skin tone
461;[busts_in_silhouette];15;busts in silhouette
462;[man_technologist];4;man technologist
463;[skier];1;skier
464;[zzz];44;zzz
465;[backhand_index_pointing_up_medium_skin_tone];2;backhand index pointing up medium skin tone
466;[baguette_bread];9;baguette bread
467;[old_man_dark_skin_tone];5;old man dark skin tone
468;[star];217;star
469;[clinking_glasses];19;clinking glasses
470;[Germany];13;Germany
471;[United_Nations];11;United Nations
472;[train];7;train
473;[magnifying_glass_tilted_right];66;magnifying glass tilted right
474;[Senegal];1;Senegal
475;[information];21;information
476;[ninja];18;ninja
477;[man_detective];5;man detective
478;[multiply];15;multiply
479;[France];16;France
480;[chequered_flag];18;chequered flag
481;[film_frames];7;film frames
482;[Denmark];2;Denmark
483;[woman_judge];7;woman judge
484;[SOS_button];34;SOS button
485;[man_construction_worker];7;man construction worker
486;[hushed_face];27;hushed face
487;[face_in_clouds];6;face in clouds
488;[kissing_face_with_smiling_eyes];14;kissing face with smiling eyes
489;[check_box_with_check];213;check box with check
490;[Bolivia];31;Bolivia
491;[trackball];1;trackball
492;[office_building];2;office building
493;[classical_building];23;classical building
494;[mechanical_arm];27;mechanical arm
495;[man_light_skin_tone];5;man light skin tone
496;[woman_superhero];1;woman superhero
497;[slightly_frowning_face];12;slightly frowning face
498;[pinched_fingers_medium_skin_tone];6;pinched fingers medium skin tone
499;[gem_stone];19;gem stone
500;[fox];16;fox
501;[tent];1;tent
502;[sunrise];33;sunrise
503;[cityscape_at_dusk];3;cityscape at dusk
504;[bird];17;bird
505;[video_camera];41;video camera
506;[gear];4;gear
507;[cat_with_wry_smile];9;cat with wry smile
508;[call_me_hand_light_skin_tone];6;call me hand light skin tone
509;[disguised_face];21;disguised face
510;[admission_tickets];3;admission tickets
511;[woman_judge_light_skin_tone];1;woman judge light skin tone
512;[eagle];12;eagle
513;[tiger];1;tiger
514;[heart_decoration];34;heart decoration
515;[mouse];33;mouse
516;[penguin];9;penguin
517;[hut];11;hut
518;[waving_hand_dark_skin_tone];3;waving hand dark skin tone
519;[backhand_index_pointing_up_light_skin_tone];8;backhand index pointing up light skin tone
520;[repeat_button];13;repeat button
521;[toilet];10;toilet
522;[peace_symbol];12;peace symbol
523;[alarm_clock];183;alarm clock
524;[pig];17;pig
525;[anchor];4;anchor
526;[birthday_cake];19;birthday cake
527;[cat_with_tears_of_joy];92;cat with tears of joy
528;[school];11;school
529;[Dominican_Republic];8;Dominican Republic
530;[woman_technologist];47;woman technologist
531;[technologist];8;technologist
532;[scroll];49;scroll
533;[cross_mark_button];12;cross mark button
534;[turtle];2;turtle
535;[index_pointing_at_the_viewer];68;index pointing at the viewer
536;[fearful_face];18;fearful face
537;[ring];2;ring
538;[person_with_veil];1;person with veil
539;[top_hat];5;top hat
540;[person_fencing];3;person fencing
541;[woman_standing_light_skin_tone];3;woman standing light skin tone
542;[kissing_face];8;kissing face
543;[black_flag];33;black flag
544;[hand_with_fingers_splayed];41;hand with fingers splayed
545;[Israel];3;Israel
546;[Guatemala];4;Guatemala
547;[clapper_board];20;clapper board
548;[heavy_equals_sign];3;heavy equals sign
549;[beer_mug];11;beer mug
550;[bust_in_silhouette];9;bust in silhouette
551;[ewe];31;ewe
552;[hole];16;hole
553;[pirate_flag];59;pirate flag
554;[house_with_garden];90;house with garden
555;[crown];9;crown
556;[raised_hand_light_skin_tone];4;raised hand light skin tone
557;[shield];4;shield
558;[bus];6;bus
559;[sweat_droplets];62;sweat droplets
560;[sponge];2;sponge
561;[soap];2;soap
562;[lotion_bottle];1;lotion bottle
563;[bubbles];2;bubbles
564;[sun_behind_small_cloud];7;sun behind small cloud
565;[piñata];2;piñata
566;[registered];24;registered
567;[blue_square];5;blue square
568;[kiss_mark];30;kiss mark
569;[Gambia];1;Gambia
570;[confetti_ball];91;confetti ball
571;[dna];2;dna
572;[red_triangle_pointed_up];34;red triangle pointed up
573;[black_cat];33;black cat
574;[oncoming_fist_medium_skin_tone];7;oncoming fist medium skin tone
575;[man_zombie];4;man zombie
576;[spaghetti];1;spaghetti
577;[tumbler_glass];13;tumbler glass
578;[wolf];15;wolf
579;[orange_square];4;orange square
580;[raised_back_of_hand];98;raised back of hand
581;[headstone];5;headstone
582;[dog_face];93;dog face
583;[strawberry];1;strawberry
584;[roll_of_paper];11;roll of paper
585;[crossed_fingers];50;crossed fingers
586;[dizzy];53;dizzy
587;[wrapped_gift];13;wrapped gift
588;[fast_down_button];8;fast down button
589;[Leo];1;Leo
590;[yen_banknote];4;yen banknote
591;[helicopter];2;helicopter
592;[Nigeria];2;Nigeria
593;[candle];54;candle
594;[shamrock];22;shamrock
595;[VS_button];23;VS button
596;[trophy];20;trophy
597;[El_Salvador];3;El Salvador
598;[person_shrugging_medium_skin_tone];23;person shrugging medium skin tone
599;[woman_teacher];8;woman teacher
600;[cherries];9;cherries
601;[anatomical_heart];9;anatomical heart
602;[llama];21;llama
603;[lion];8;lion
604;[no_pedestrians];1;no pedestrians
605;[input_numbers];1;input numbers
606;[Nicaragua];12;Nicaragua
607;[sun_with_face];46;sun with face
608;[cowboy_hat_face];19;cowboy hat face
609;[raised_hand_medium_skin_tone];1;raised hand medium skin tone
610;[tropical_drink];2;tropical drink
611;[cocktail_glass];7;cocktail glass
612;[bottle_with_popping_cork];24;bottle with popping cork
613;[hibiscus];46;hibiscus
614;[pilot_light_skin_tone];1;pilot light skin tone
615;[person_in_suit_levitating];4;person in suit levitating
616;[military_medal];9;military medal
617;[dress];3;dress
618;[Ghana];1;Ghana
619;[call_me_hand];31;call me hand
620;[New_Zealand];6;New Zealand
621;[Netherlands];3;Netherlands
622;[man_tipping_hand_medium_skin_tone];2;man tipping hand medium skin tone
623;[dagger];9;dagger
624;[left_arrow];10;left arrow
625;[couple_with_heart_woman_man];1;couple with heart woman man
626;[oncoming_bus];5;oncoming bus
627;[trolleybus];1;trolleybus
628;[heart_with_arrow];28;heart with arrow
629;[index_pointing_at_the_viewer_light_skin_tone];7;index pointing at the viewer light skin tone
630;[mending_heart];21;mending heart
631;[Bahamas];1;Bahamas
632;[judge];3;judge
633;[man_judge];7;man judge
634;[people_hugging];40;people hugging
635;[open_book];342;open book
636;[baseball];2;baseball
637;[backhand_index_pointing_right_dark_skin_tone];9;backhand index pointing right dark skin tone
638;[Angola];2;Angola
639;[paperclip];10;paperclip
640;[service_dog];6;service dog
641;[latin_cross];20;latin cross
642;[person_frowning];1;person frowning
643;[spider_web];3;spider web
644;[hourglass_not_done];12;hourglass not done
645;[cricket];15;cricket
646;[flexed_biceps_medium_skin_tone];149;flexed biceps medium skin tone
647;[microbe];13;microbe
648;[monkey_face];7;monkey face
649;[automobile];18;automobile
650;[speaker_low_volume];5;speaker low volume
651;[construction];3;construction
652;[bone];4;bone
653;[poultry_leg];1;poultry leg
654;[bullet_train];2;bullet train
655;[person_cartwheeling_light_skin_tone];6;person cartwheeling light skin tone
656;[Puerto_Rico];1;Puerto Rico
657;[heart_hands_medium_skin_tone];21;heart hands medium skin tone
658;[calendar];131;calendar
659;[woman_health_worker];21;woman health worker
660;[love_letter];11;love letter
661;[no_entry];22;no entry
662;[microphone];37;microphone
663;[derelict_house];1;derelict house
664;[spiral_calendar];158;spiral calendar
665;[books];252;books
666;[kissing_cat];21;kissing cat
667;[Philippines];1;Philippines
668;[person_beard];3;person beard
669;[waxing_crescent_moon];1;waxing crescent moon
670;[salt];4;salt
671;[man_raising_hand_medium_skin_tone];9;man raising hand medium skin tone
672;[firecracker];2;firecracker
673;[drop_of_blood];7;drop of blood
674;[man_genie];1;man genie
675;[musical_keyboard];11;musical keyboard
676;[hourglass_done];11;hourglass done
677;[keycap_0];21;keycap 0
678;[taxi];2;taxi
679;[man_standing];1;man standing
680;[red_square];15;red square
681;[old_woman_light_skin_tone];2;old woman light skin tone
682;[crying_cat];16;crying cat
683;[Panama];8;Panama
684;[Taiwan];10;Taiwan
685;[green_book];26;green book
686;[pinching_hand_medium_skin_tone];9;pinching hand medium skin tone
687;[Canada];12;Canada
688;[hindu_temple];1;hindu temple
689;[sunrise_over_mountains];16;sunrise over mountains
690;[fireworks];3;fireworks
691;[sparkler];24;sparkler
692;[rock];1;rock
693;[softball];3;softball
694;[sports_medal];2;sports medal
695;[goat];4;goat
696;[man_golfing];1;man golfing
697;[Saudi_Arabia];1;Saudi Arabia
698;[american_football];1;american football
699;[ear];25;ear
700;[light_bulb];41;light bulb
701;[teacher];4;teacher
702;[pound_banknote];2;pound banknote
703;[hospital];39;hospital
704;[shopping_bags];1;shopping bags
705;[shopping_cart];4;shopping cart
706;[man_getting_massage];1;man getting massage
707;[black_nib];17;black nib
708;[locomotive];96;locomotive
709;[thumbs_up_dark_skin_tone];13;thumbs up dark skin tone
710;[inbox_tray];17;inbox tray
711;[new_moon_face];12;new moon face
712;[rabbit_face];15;rabbit face
713;[palm_up_hand_light_skin_tone];1;palm up hand light skin tone
714;[woman_police_officer];4;woman police officer
715;[orange_heart];87;orange heart
716;[tiger_face];6;tiger face
717;[thought_balloon];12;thought balloon
718;[oncoming_police_car];14;oncoming police car
719;[hand_with_index_finger_and_thumb_crossed];44;hand with index finger and thumb crossed
720;[Japanese_symbol_for_beginner];7;Japanese symbol for beginner
721;[woman_cartwheeling];3;woman cartwheeling
722;[dvd];2;dvd
723;[metro];14;metro
724;[brown_heart];14;brown heart
725;[white_flag];16;white flag
726;[door];19;door
727;[heart_with_ribbon];40;heart with ribbon
728;[OK_hand_dark_skin_tone];6;OK hand dark skin tone
729;[hand_with_fingers_splayed_medium_skin_tone];3;hand with fingers splayed medium skin tone
730;[sign_of_the_horns_medium_skin_tone];5;sign of the horns medium skin tone
731;[moai];5;moai
732;[lollipop];6;lollipop
733;[male_sign];3;male sign
734;[eye_in_speech_bubble];9;eye in speech bubble
735;[basketball];2;basketball
736;[woman_teacher_light_skin_tone];4;woman teacher light skin tone
737;[hamburger];3;hamburger
738;[clipboard];7;clipboard
739;[police_officer];11;police officer
740;[lady_beetle];5;lady beetle
741;[poodle];8;poodle
742;[SOON_arrow];17;SOON arrow
743;[mount_fuji];8;mount fuji
744;[Syria];1;Syria
745;[TOP_arrow];4;TOP arrow
746;[litter_in_bin_sign];7;litter in bin sign
747;[green_apple];24;green apple
748;[man_scientist];17;man scientist
749;[student];21;student
750;[woman_student];23;woman student
751;[family_man_girl_boy];17;family man girl boy
752;[woman_wearing_turban];29;woman wearing turban
753;[woman_in_manual_wheelchair];36;woman in manual wheelchair
754;[parrot];21;parrot
755;[woman_firefighter];14;woman firefighter
756;[potable_water];15;potable water
757;[railway_track];12;railway track
758;[droplet];154;droplet
759;[spouting_whale];21;spouting whale
760;[woman_construction_worker_light_skin_tone];3;woman construction worker light skin tone
761;[man_construction_worker_medium_skin_tone];3;man construction worker medium skin tone
762;[backhand_index_pointing_right_medium_skin_tone];77;backhand index pointing right medium skin tone
763;[sunglasses];4;sunglasses
764;[woman_gesturing_NO];10;woman gesturing NO
765;[pool_8_ball];12;pool 8 ball
766;[Austria];6;Austria
767;[girl];10;girl
768;[incoming_envelope];4;incoming envelope
769;[anguished_face];15;anguished face
770;[woman];8;woman
771;[woman_light_skin_tone_white_hair];2;woman light skin tone white hair
772;[woman_light_skin_tone_red_hair];1;woman light skin tone red hair
773;[military_helmet];4;military helmet
774;[woman_pouting_light_skin_tone];1;woman pouting light skin tone
775;[camel];2;camel
776;[compass];2;compass
777;[wastebasket];9;wastebasket
778;[Sweden];11;Sweden
779;[baby_angel];8;baby angel
780;[cinema];6;cinema
781;[beach_with_umbrella];7;beach with umbrella
782;[counterclockwise_arrows_button];5;counterclockwise arrows button
783;[handshake_light_skin_tone];3;handshake light skin tone
784;[Vietnam];3;Vietnam
785;[transgender_flag];38;transgender flag
786;[men_holding_hands];20;men holding hands
787;[women_holding_hands];54;women holding hands
788;[person_cartwheeling_dark_skin_tone];1;person cartwheeling dark skin tone
789;[man_mage];3;man mage
790;[family_man_man_girl];2;family man man girl
791;[bicycle];9;bicycle
792;[chains];2;chains
793;[keycap_9];4;keycap 9
794;[purple_square];8;purple square
795;[waxing_gibbous_moon];1;waxing gibbous moon
796;[rocket];10;rocket
797;[index_pointing_up_medium_skin_tone];14;index pointing up medium skin tone
798;[evergreen_tree];37;evergreen tree
799;[closed_book];48;closed book
800;[horse_face];16;horse face
801;[Kenya];1;Kenya
802;[briefcase];7;briefcase
803;[man_walking_light_skin_tone];5;man walking light skin tone
804;[nail_polish_light_skin_tone];7;nail polish light skin tone
805;[chipmunk];2;chipmunk
806;[woman_tipping_hand_light_skin_tone];8;woman tipping hand light skin tone
807;[boy];5;boy
808;[Santa_Claus];2;Santa Claus
809;[dragon_face];1;dragon face
810;[deer];2;deer
811;[umbrella];2;umbrella
812;[radioactive];3;radioactive
813;[biohazard];5;biohazard
814;[person_gesturing_NO];3;person gesturing NO
815;[palms_up_together_medium_skin_tone];3;palms up together medium skin tone
816;[game_die];2;game die
817;[bear];4;bear
818;[computer_mouse];6;computer mouse
819;[crystal_ball];22;crystal ball
820;[person_bowing_light_skin_tone];2;person bowing light skin tone
821;[frowning_face_with_open_mouth];5;frowning face with open mouth
822;[butterfly];34;butterfly
823;[full_moon_face];5;full moon face
824;[man_bouncing_ball];1;man bouncing ball
825;[woman_golfing];1;woman golfing
826;[man_lifting_weights];1;man lifting weights
827;[person_bouncing_ball];1;person bouncing ball
828;[fly];3;fly
829;[chess_pawn];8;chess pawn
830;[blowfish];3;blowfish
831;[tomato];8;tomato
832;[middle_finger_medium_skin_tone];3;middle finger medium skin tone
833;[woman_with_white_cane];1;woman with white cane
834;[man_running];5;man running
835;[man_with_white_cane];1;man with white cane
836;[person_running];3;person running
837;[candy];1;candy
838;[drooling_face];34;drooling face
839;[man_gesturing_NO_light_skin_tone];2;man gesturing NO light skin tone
840;[jeans];3;jeans
841;[page_facing_up];30;page facing up
842;[sign_of_the_horns_light_skin_tone];24;sign of the horns light skin tone
843;[person_gesturing_NO_light_skin_tone];2;person gesturing NO light skin tone
844;[postal_horn];2;postal horn
845;[foot];2;foot
846;[Slovakia];1;Slovakia
847;[fountain_pen];11;fountain pen
848;[petri_dish];1;petri dish
849;[woman_vampire_light_skin_tone];2;woman vampire light skin tone
850;[Hong_Kong_SAR_China];2;Hong Kong SAR China
851;[reminder_ribbon];3;reminder ribbon
852;[folded_hands_medium_skin_tone];13;folded hands medium skin tone
853;[credit_card];3;credit card
854;[man_police_officer];13;man police officer
855;[woman_and_man_holding_hands];30;woman and man holding hands
856;[wood];5;wood
857;[man_cook];4;man cook
858;[pickup_truck];3;pickup truck
859;[dolphin];5;dolphin
860;[Palestinian_Territories];1;Palestinian Territories
861;[princess];2;princess
862;[white_small_square];13;white small square
863;[man_light_skin_tone_beard];1;man light skin tone beard
864;[black_medium_square];3;black medium square
865;[elevator];1;elevator
866;[England];1;England
867;[Switzerland];5;Switzerland
868;[woman_cartwheeling_dark_skin_tone];1;woman cartwheeling dark skin tone
869;[old_man_light_skin_tone];3;old man light skin tone
870;[person_biking];22;person biking
871;[man_shrugging_dark_skin_tone];3;man shrugging dark skin tone
872;[horse];11;horse
873;[gloves];3;gloves
874;[man_running_light_skin_tone];2;man running light skin tone
875;[victory_hand_dark_skin_tone];4;victory hand dark skin tone
876;[Portugal];2;Portugal
877;[clapping_hands_dark_skin_tone];18;clapping hands dark skin tone
878;[couple_with_heart_man_man];2;couple with heart man man
879;[light_skin_tone];3;light skin tone
880;[key];7;key
881;[record_button];2;record button
882;[medium_skin_tone];2;medium skin tone
883;[women_wrestling];1;women wrestling
884;[open_file_folder];2;open file folder
885;[person_light_skin_tone_beard];2;person light skin tone beard
886;[billed_cap];1;billed cap
887;[joker];2;joker
888;[dumpling];2;dumpling
889;[keycap_8];3;keycap 8
890;[keycap_7];3;keycap 7
891;[keycap_6];3;keycap 6
892;[camping];5;camping
893;[detective];6;detective
894;[Clipperton_Island];3;Clipperton Island
895;[flexed_biceps_dark_skin_tone];13;flexed biceps dark skin tone
896;[palms_up_together];8;palms up together
897;[hand_with_index_finger_and_thumb_crossed_medium_skin_tone];24;hand with index finger and thumb crossed medium skin tone
898;[astronaut];2;astronaut
899;[construction_worker];24;construction worker
900;[potato];3;potato
901;[woman_walking];2;woman walking
902;[man_walking];2;man walking
903;[fallen_leaf];4;fallen leaf
904;[maple_leaf];3;maple leaf
905;[nazar_amulet];30;nazar amulet
906;[man_dancing_medium_skin_tone];8;man dancing medium skin tone
907;[index_pointing_up_dark_skin_tone];2;index pointing up dark skin tone
908;[grinning_cat];8;grinning cat
909;[airplane_departure];1;airplane departure
910;[ship];2;ship
911;[test_tube];8;test tube
912;[snowflake];11;snowflake
913;[mate];5;mate
914;[necktie];6;necktie
915;[milky_way];10;milky way
916;[flamingo];14;flamingo
917;[older_person];5;older person
918;[woman_white_hair];3;woman white hair
919;[person_white_hair];2;person white hair
920;[mountain];12;mountain
921;[woman_farmer];8;woman farmer
922;[man_farmer];16;man farmer
923;[woman_tipping_hand];8;woman tipping hand
924;[hammer_and_pick];3;hammer and pick
925;[person_in_tuxedo];15;person in tuxedo
926;[blossom];13;blossom
927;[hand_with_index_finger_and_thumb_crossed_light_skin_tone];20;hand with index finger and thumb crossed light skin tone
928;[umbrella_with_rain_drops];10;umbrella with rain drops
929;[person_juggling];1;person juggling
930;[man_facepalming_dark_skin_tone];3;man facepalming dark skin tone
931;[honeybee];15;honeybee
932;[cow_face];7;cow face
933;[chart_increasing_with_yen];2;chart increasing with yen
934;[rugby_football];1;rugby football
935;[locked_with_key];3;locked with key
936;[writing_hand_medium_skin_tone];6;writing hand medium skin tone
937;[Australia];3;Australia
938;[child];5;child
939;[backhand_index_pointing_left_medium_skin_tone];2;backhand index pointing left medium skin tone
940;[Libra];1;Libra
941;[woman_biking];11;woman biking
942;[radio_button];5;radio button
943;[cloud_with_snow];4;cloud with snow
944;[houses];26;houses
945;[sauropod];3;sauropod
946;[canoe];2;canoe
947;[sheaf_of_rice];14;sheaf of rice
948;[hamster];2;hamster
949;[mechanical_leg];1;mechanical leg
950;[tropical_fish];7;tropical fish
951;[mirror];1;mirror
952;[ballet_shoes];3;ballet shoes
953;[mouse_trap];3;mouse trap
954;[unicorn];11;unicorn
955;[cookie];8;cookie
956;[teacup_without_handle];1;teacup without handle
957;[bread];8;bread
958;[cockroach];1;cockroach
959;[straight_ruler];1;straight ruler
960;[shortcake];6;shortcake
961;[yin_yang];2;yin yang
962;[volcano];3;volcano
963;[railway_car];15;railway car
964;[woman_zombie];13;woman zombie
965;[zombie];3;zombie
966;[index_pointing_at_the_viewer_medium_skin_tone];1;index pointing at the viewer medium skin tone
967;[woman_in_lotus_position];2;woman in lotus position
968;[national_park];17;national park
969;[garlic];3;garlic
970;[pick];5;pick
971;[Vatican_City];1;Vatican City
972;[scarf];2;scarf
973;[man_feeding_baby_light_skin_tone];2;man feeding baby light skin tone
974;[man_firefighter];5;man firefighter
975;[fire_engine];9;fire engine
976;[flying_saucer];1;flying saucer
977;[wind_face];4;wind face
978;[artist_palette];9;artist palette
979;[man_biking];12;man biking
980;[man_mountain_biking];1;man mountain biking
981;[person_mountain_biking];8;person mountain biking
982;[woman_mountain_biking];2;woman mountain biking
983;[full_moon];1;full moon
984;[teacher_medium_skin_tone];1;teacher medium skin tone
985;[infinity];4;infinity
986;[raised_fist_dark_skin_tone];27;raised fist dark skin tone
987;[yarn];4;yarn
988;[man_dancing_light_skin_tone];8;man dancing light skin tone
989;[bug];8;bug
990;[woman_blond_hair];1;woman blond hair
991;[woman_red_hair];3;woman red hair
992;[grapes];4;grapes
993;[deaf_woman];1;deaf woman
994;[ear_with_hearing_aid];1;ear with hearing aid
995;[glass_of_milk];2;glass of milk
996;[hot_dog];3;hot dog
997;[police_car];4;police car
998;[luggage];3;luggage
999;[snail];6;snail
1000;[thumbs_down_medium_skin_tone];4;thumbs down medium skin tone
1001;[leg];3;leg
1002;[man_biking_medium_skin_tone];2;man biking medium skin tone
1003;[wilted_flower];2;wilted flower
1004;[ninja_light_skin_tone];1;ninja light skin tone
1005;[banjo];1;banjo
1006;[woman_raising_hand_medium_skin_tone];10;woman raising hand medium skin tone
1007;[medical_symbol];3;medical symbol
1008;[hatching_chick];5;hatching chick
1009;[worm];4;worm
1010;[chocolate_bar];1;chocolate bar
1011;[cook];2;cook
1012;[baby_chick];1;baby chick
1013;[koala];1;koala
1014;[rosette];4;rosette
1015;[man_tipping_hand];6;man tipping hand
1016;[woman_running_light_skin_tone];5;woman running light skin tone
1017;[sailboat];3;sailboat
1018;[woman_scientist_medium_skin_tone];2;woman scientist medium skin tone
1019;[person_in_tuxedo_light_skin_tone];16;person in tuxedo light skin tone
1020;[sun_behind_rain_cloud];1;sun behind rain cloud
1021;[parachute];1;parachute
1022;[woman_mage];2;woman mage
1023;[selfie_medium_skin_tone];7;selfie medium skin tone
1024;[woman_running];9;woman running
1025;[woman_lifting_weights];1;woman lifting weights
1026;[female_sign];22;female sign
1027;[carrot];5;carrot
1028;[ear_of_corn];10;ear of corn
1029;[oncoming_automobile];1;oncoming automobile
1030;[prayer_beads];1;prayer beads
1031;[cut_of_meat];1;cut of meat
1032;[man_health_worker_light_skin_tone];3;man health worker light skin tone
1033;[troll];2;troll
1034;[person_lifting_weights];2;person lifting weights
1035;[woman_rowing_boat];1;woman rowing boat
1036;[man_rowing_boat];3;man rowing boat
1037;[person_swimming];1;person swimming
1038;[woman_surfing];1;woman surfing
1039;[family_man_woman_boy_boy];4;family man woman boy boy
1040;[wedding];6;wedding
1041;[crocodile];1;crocodile
1042;[shaved_ice];1;shaved ice
1043;[carp_streamer];1;carp streamer
1044;[footprints];3;footprints
1045;[woman_bowing_medium_skin_tone];1;woman bowing medium skin tone
1046;[person_in_lotus_position_light_skin_tone];1;person in lotus position light skin tone
1047;[butter];2;butter
1048;[woman_fairy];2;woman fairy
1049;[child_medium_skin_tone];3;child medium skin tone
1050;[child_light_skin_tone];7;child light skin tone
1051;[boy_light_skin_tone];2;boy light skin tone
1052;[man_supervillain];1;man supervillain
1053;[bathtub];2;bathtub
1054;[man_cartwheeling_dark_skin_tone];3;man cartwheeling dark skin tone
1055;[woman_juggling];4;woman juggling
1056;[person_shrugging_dark_skin_tone];1;person shrugging dark skin tone
1057;[ram];15;ram
1058;[family_woman_girl];2;family woman girl
1059;[family_man_boy];1;family man boy
1060;[white_exclamation_mark];2;white exclamation mark
1061;[safety_vest];1;safety vest
1062;[toolbox];1;toolbox
1063;[South_Korea];2;South Korea
1064;[volleyball];1;volleyball
1065;[synagogue];2;synagogue
1066;[mosque];1;mosque
1067;[lipstick];1;lipstick
1068;[shooting_star];10;shooting star
1069;[envelope_with_arrow];224;envelope with arrow
1070;[woman_dancing_medium_skin_tone];3;woman dancing medium skin tone
1071;[people_with_bunny_ears];3;people with bunny ears
1072;[ambulance];12;ambulance
1073;[motorway];1;motorway
1074;[hiking_boot];1;hiking boot
1075;[guide_dog];3;guide dog
1076;[health_worker];1;health worker
1077;[accordion];5;accordion
1078;[duck];12;duck
1079;[bank];3;bank
1080;[man_dancing_dark_skin_tone];1;man dancing dark skin tone
1081;[kite];2;kite
1082;[cloud];2;cloud
1083;[man_artist];4;man artist
1084;[vibration_mode];4;vibration mode
1085;[beans];1;beans
1086;[person_raising_hand_light_skin_tone];3;person raising hand light skin tone
1087;[receipt];4;receipt
1088;[steaming_bowl];1;steaming bowl
1089;[sport_utility_vehicle];5;sport utility vehicle
1090;[delivery_truck];1;delivery truck
1091;[racing_car];1;racing car
1092;[motor_scooter];3;motor scooter
1093;[motorcycle];2;motorcycle
1094;[man_factory_worker];2;man factory worker
1095;[Japan];2;Japan
1096;[man_tipping_hand_light_skin_tone];2;man tipping hand light skin tone
1097;[speaker_medium_volume];2;speaker medium volume
1098;[woman_curly_hair];2;woman curly hair
1099;[tangerine];10;tangerine
1100;[woman_biking_light_skin_tone];2;woman biking light skin tone
1101;[woman_biking_dark_skin_tone];4;woman biking dark skin tone
1102;[teapot];5;teapot
1103;[flatbread];1;flatbread
1104;[baby_light_skin_tone];2;baby light skin tone
1105;[girl_light_skin_tone];8;girl light skin tone
1106;[girl_medium_skin_tone];4;girl medium skin tone
1107;[leopard];1;leopard
1108;[man_student];3;man student
1109;[bright_button];2;bright button
1110;[old_woman_medium_skin_tone];3;old woman medium skin tone
1111;[pizza];2;pizza
1112;[white_flower];1;white flower
1113;[pouting_cat];7;pouting cat
1114;[magic_wand];16;magic wand
1115;[om];1;om
1116;[backpack];1;backpack
1117;[skunk];3;skunk
1118;[brick];1;brick
1119;[ringed_planet];1;ringed planet
1120;[lab_coat];1;lab coat
1121;[stethoscope];8;stethoscope
1122;[adhesive_bandage];2;adhesive bandage
1123;[kick_scooter];2;kick scooter
1124;[woman_gesturing_NO_light_skin_tone];2;woman gesturing NO light skin tone
1125;[motor_boat];1;motor boat
1126;[woman_technologist_light_skin_tone];6;woman technologist light skin tone
1127;[woman_running_medium_skin_tone];3;woman running medium skin tone
1128;[person_running_medium_skin_tone];1;person running medium skin tone
1129;[cityscape];2;cityscape
1130;[woman_medium_skin_tone_blond_hair];1;woman medium skin tone blond hair
1131;[diamond_with_a_dot];1;diamond with a dot
1132;[man_raising_hand_dark_skin_tone];1;man raising hand dark skin tone
1133;[ox];2;ox
1134;[man_biking_dark_skin_tone];12;man biking dark skin tone
1135;[men_wrestling];3;men wrestling
1136;[man_singer];1;man singer
1137;[computer_disk];1;computer disk
1138;[nose_light_skin_tone];1;nose light skin tone
1139;[scorpion];2;scorpion
1140;[ice];2;ice
1141;[woman_teacher_medium_skin_tone];5;woman teacher medium skin tone
1142;[family_woman_boy];4;family woman boy
1143;[Botswana];2;Botswana
1144;[sewing_needle];9;sewing needle
1145;[clockwise_vertical_arrows];1;clockwise vertical arrows
1146;[man_in_manual_wheelchair];1;man in manual wheelchair
1147;[owl];4;owl
1148;[Norway];2;Norway
1149;[person_bowing];2;person bowing
1150;[woman_construction_worker];4;woman construction worker
1151;[woman_health_worker_medium_skin_tone];2;woman health worker medium skin tone
1152;[notebook_with_decorative_cover];2;notebook with decorative cover
1153;[desktop_computer];20;desktop computer
1154;[woman_gesturing_OK_medium_skin_tone];2;woman gesturing OK medium skin tone
1155;[Uzbekistan];1;Uzbekistan
1156;[world_map];13;world map
1157;[thumbs_down_dark_skin_tone];6;thumbs down dark skin tone
1158;[otter];1;otter
1159;[NEW_button];4;NEW button
1160;[paintbrush];4;paintbrush
1161;[comet];6;comet
1162;[selfie];7;selfie
1163;[ladder];1;ladder
1164;[microscope];1;microscope
1165;[waving_hand_medium_skin_tone];2;waving hand medium skin tone
1166;[deaf_person_medium_skin_tone];3;deaf person medium skin tone
1167;[baby_medium_skin_tone];2;baby medium skin tone
1168;[woman_scientist];5;woman scientist
1169;[pregnant_woman_light_skin_tone];1;pregnant woman light skin tone
1170;[running_shirt];1;running shirt
1171;[vulcan_salute_medium_skin_tone];1;vulcan salute medium skin tone
1172;[whale];9;whale
1173;[coin];3;coin
1174;[spiral_notepad];8;spiral notepad
1175;[puzzle_piece];2;puzzle piece
1176;[wheelchair_symbol];3;wheelchair symbol
1177;[notebook];1;notebook
1178;[rooster];6;rooster
1179;[scientist];2;scientist
1180;[woman_technologist_medium_skin_tone];2;woman technologist medium skin tone
1181;[input_latin_uppercase];1;input latin uppercase
1182;[old_man_medium_skin_tone];1;old man medium skin tone
1183;[cloud_with_lightning_and_rain];2;cloud with lightning and rain
1184;[play_or_pause_button];5;play or pause button
1185;[file_folder];2;file folder
1186;[family_woman_girl_boy];3;family woman girl boy
1187;[tractor];1;tractor
1188;[lemon];2;lemon
1189;[green_square];1;green square
1190;[muted_speaker];1;muted speaker
1191;[woman_gesturing_NO_medium_skin_tone];1;woman gesturing NO medium skin tone
1192;[soft_ice_cream];1;soft ice cream
1193;[station];5;station
1194;[panda];2;panda
1195;[polar_bear];2;polar bear
1196;[swan];2;swan
1197;[nest_with_eggs];1;nest with eggs
1198;[coral];1;coral
1199;[zebra];1;zebra
1200;[giraffe];1;giraffe
1201;[squid];2;squid
1202;[seal];12;seal
1203;[snowboarder];4;snowboarder
1204;[glasses];4;glasses
1205;[firefighter];2;firefighter
1206;[fire_extinguisher];1;fire extinguisher
1207;[floppy_disk];1;floppy disk
1208;[feather];6;feather
1209;[man_gesturing_OK_light_skin_tone];1;man gesturing OK light skin tone
1210;[woman_bowing_light_skin_tone];1;woman bowing light skin tone
1211;[safety_pin];3;safety pin
1212;[seat];2;seat
1213;[desert];2;desert
1214;[chestnut];1;chestnut
1215;[man_getting_massage_light_skin_tone];2;man getting massage light skin tone
1216;[Honduras];3;Honduras
1217;[man_mage_light_skin_tone];4;man mage light skin tone
1218;[skateboard];1;skateboard
1219;[roller_skate];1;roller skate
1220;[manual_wheelchair];1;manual wheelchair
1221;[person_walking];2;person walking
1222;[farmer_medium_skin_tone];1;farmer medium skin tone
1223;[raising_hands_dark_skin_tone];1;raising hands dark skin tone
1224;[woman_light_skin_tone];3;woman light skin tone
1225;[turkey];3;turkey
1226;[crab];8;crab
1227;[dim_button];3;dim button
1228;[man_farmer_medium_skin_tone];1;man farmer medium skin tone
1229;[woman_farmer_medium_skin_tone];5;woman farmer medium skin tone
1230;[man_teacher];7;man teacher
1231;[mantelpiece_clock];4;mantelpiece clock
1232;[flag_in_hole];1;flag in hole
1233;[raccoon];3;raccoon
1234;[fishing_pole];1;fishing pole
1235;[Tunisia];14;Tunisia
1236;[alien_monster];1;alien monster
1237;[oil_drum];1;oil drum
1238;[baby_bottle];1;baby bottle
1239;[repeat_single_button];1;repeat single button
1240;[person_walking_medium_skin_tone];1;person walking medium skin tone
1241;[minibus];33;minibus
1242;[onion];1;onion
1243;[person_feeding_baby_medium_skin_tone];2;person feeding baby medium skin tone
1244;[cooking];1;cooking
1245;[woman_tipping_hand_medium_skin_tone];1;woman tipping hand medium skin tone
1246;[tanabata_tree];3;tanabata tree
1247;[stadium];2;stadium
1248;[woman_factory_worker];4;woman factory worker
1249;[alembic];1;alembic
1250;[woman_scientist_light_skin_tone];1;woman scientist light skin tone
1251;[woman_artist];2;woman artist
1252;[couple_with_heart];1;couple with heart
1253;[horse_racing];1;horse racing
1254;[fork_and_knife_with_plate];1;fork and knife with plate
1255;[dark_skin_tone];1;dark skin tone
1256;[man_juggling];1;man juggling
1257;[technologist_medium_skin_tone];1;technologist medium skin tone
1258;[snowman];2;snowman
1259;[vampire];1;vampire
1260;[telescope];2;telescope
1261;[reverse_button];2;reverse button
1262;[left_arrow_curving_right];1;left arrow curving right
1263;[palm_up_hand];1;palm up hand
1264;[kangaroo];1;kangaroo
1265;[transgender_symbol];3;transgender symbol
1266;[orange_book];4;orange book
1267;[locked_with_pen];1;locked with pen
1268;[deaf_woman_light_skin_tone];3;deaf woman light skin tone
1269;[man_teacher_light_skin_tone];1;man teacher light skin tone
1270;[lizard];1;lizard
1271;[woman_construction_worker_medium_skin_tone];1;woman construction worker medium skin tone
1272;[card_index];1;card index
1273;[sunset];1;sunset
1274;[man_red_hair];1;man red hair
1275;[keycap_10];4;keycap 10
1276;[bookmark];1;bookmark
1277;[diya_lamp];1;diya lamp
1278;[palms_up_together_light_skin_tone];1;palms up together light skin tone
1279;[people_holding_hands];1;people holding hands
1280;[Finland];2;Finland
1281;[vertical_traffic_light];1;vertical traffic light
1282;[family_man_woman_girl_boy];1;family man woman girl boy
1283;[crayon];1;crayon
1284;[woman_walking_light_skin_tone];1;woman walking light skin tone
1285;[family_man_woman_boy];1;family man woman boy
1286;[family_woman_woman_girl_girl];1;family woman woman girl girl
1287;[woman_mechanic];3;woman mechanic
1288;[man_office_worker];1;man office worker
1289;[unlocked];1;unlocked
1290;[man_police_officer_light_skin_tone];1;man police officer light skin tone
1291;[woman_medium_skin_tone];3;woman medium skin tone
1292;[woman_light_skin_tone_curly_hair];1;woman light skin tone curly hair
1293;[black_large_square];1;black large square
1294;[tongue];1;tongue
1295;[ribbon];1;ribbon
1296;[man_farmer_light_skin_tone];1;man farmer light skin tone
1297;[Antarctica];2;Antarctica
1298;[mermaid];1;mermaid
1299;[woman_feeding_baby];1;woman feeding baby
1300;[map_of_Japan];1;map of Japan
1301;[Scotland];1;Scotland
1302;[man_pilot];2;man pilot
1303;[man_light_skin_tone_white_hair];2;man light skin tone white hair
1304;[bubble_tea];1;bubble tea
1305;[heart_hands_dark_skin_tone];1;heart hands dark skin tone
1306;[olive];2;olive
1307;[supervillain];1;supervillain
1308;[basket];1;basket
1309;[videocassette];1;videocassette
1310;[restroom];1;restroom
1311;[honey_pot];1;honey pot
1312;[woman_student_medium_skin_tone];1;woman student medium skin tone
1313;[watermelon];1;watermelon
1314;[envelope];1;envelope
1315;[articulated_lorry];1;articulated lorry
1316;[Bouvet_Island];1;Bouvet Island
1317;[ear_light_skin_tone];1;ear light skin tone
1318;[CL_button];1;CL button
1319;[trade_mark];1;trade mark
1320;[Haiti];2;Haiti
1321;[woman_pilot];1;woman pilot
1322;[woman_astronaut];1;woman astronaut
1323;[couple_with_heart_woman_woman];1;couple with heart woman woman
1324;[lotus];1;lotus
1325;[Pakistan];1;Pakistan
1326;[sun_behind_large_cloud];3;sun behind large cloud
1327;[airplane_arrival];1;airplane arrival
1328;[antenna_bars];2;antenna bars
1329;[pouring_liquid];1;pouring liquid
1330;[motorized_wheelchair];1;motorized wheelchair
1331;[man_medium_skin_tone];1;man medium skin tone
1332;[white_cane];1;white cane
1333;[farmer];1;farmer
1334;[woman_medium_skin_tone_beard];1;woman medium skin tone beard
1335;[woman_medium_skin_tone_red_hair];1;woman medium skin tone red hair
1336;[woman_light_skin_tone_blond_hair];1;woman light skin tone blond hair
1337;[tornado];3;tornado
1338;[raised_back_of_hand_light_skin_tone];1;raised back of hand light skin tone
1339;[selfie_light_skin_tone];3;selfie light skin tone
1340;[FREE_button];1;FREE button
1341;[judge_light_skin_tone];1;judge light skin tone
1342;[person_getting_massage_medium_skin_tone];1;person getting massage medium skin tone
1343;[sparkle];2;sparkle
1344;[hotel];1;hotel
1345;[potted_plant];1;potted plant
1346;[woman_in_lotus_position_light_skin_tone];1;woman in lotus position light skin tone
1347;[bikini];2;bikini
1348;[ice_cream];1;ice cream
1349;[woman_supervillain];1;woman supervillain
1350;[goggles];1;goggles
1351;[foot_light_skin_tone];1;foot light skin tone
1352;[water_buffalo];1;water buffalo
1353;[brown_circle];2;brown circle
1354;[joystick];2;joystick
1355;[abacus];1;abacus
1356;[white_square_button];1;white square button
1357;[detective_light_skin_tone];1;detective light skin tone
1358;[man_feeding_baby];1;man feeding baby
1359;[family_man_woman_girl_girl];1;family man woman girl girl
1360;[night_with_stars];2;night with stars
1361;[postbox];1;postbox
1362;[lobster];1;lobster
1363;[deaf_man_medium_skin_tone];1;deaf man medium skin tone
1364;[family_man_woman_girl];1;family man woman girl
1365;[white_question_mark];1;white question mark
1366;[woman_gesturing_OK_light_skin_tone];1;woman gesturing OK light skin tone
1367;[Costa_Rica];1;Costa Rica
1368;[man_standing_light_skin_tone];1;man standing light skin tone
