;Mapudungun;Traduccion;Significado
;ñi chawem  ;mi finado padre\n;
;velerkevuy em petu ;creo que todavia es asi\n;
;ñi chawem tenia como ochenta ;mi finado padre tenia como ochenta \n;
;ta amuy ta pital em koni ;Y vamos, entramos al hospital.\n;
;kidu ñi chaw noise chawem latuy;Mí padre solito, murió.\n;
;ñi fotüm em ;el que era mi hijo\n;
;plataem llemay;Eso la plata \n;
;tañi chaw tañi chawem ;el padre del que era mi padre\n;
;pikevuy tañi chawem y küme kimpan tañi ;decía mi padre y era de buena procedencia mi\n;
;kuyvi ta veyta veypikakevuy ñi chawem ;Antes estos no se decía mi padre\n;
;ñi chawem vemkiaymün;mi Padre eso deben decir\n;
;kidu ta pütramu ta elpueyu tañi chawem pikefuy;por su estómago, lo dejó, su difunto padre decía\n;
;kiduem  cajetilla pi;Ellos cajetilla dijo\n;
;mongey tami  chawem ;vivio su padre. \n;
;tañi cough tañi nanüngem ;Me atendia mi suegra\n;
;lawenem ;El remedio era\n;
;ta vüchake che em ;la finada persona anciana \n;
;feyti kay rüngül piluniem ;esa secreción de la oreja \n;
;tofillem lawen pütuken pifiñ;cualquier remdio tomo \n;
;fey tofillem  eda puwi feytimu pichikeche ;pues llegaban de todas las endades ahí, niños \n;
;tofillem puukefuy feyti machimu;De todo llegaba ahí donde la  machi\n;
;fey kintuafun itrofillem lawen;y buscaría toda clase de remedios\n;
;feyta kalkungekefuy tañi püta abueluem karikondio pingeki;era kalku mi difunto abuelo Karikondio dicen \n;
;ñi lamuenem latuy piki ;donde mi hermana muerta decía \n;
;spaparece ngelme ñi lamuenem piki fey ;parece que lo llevaron donde las hermanas decía \n;
;noise fey  spacafé noise uhm  feyti kay uh kiñekemu spainfeccion niem kay ;El café y ese en algunas infecciones tiene y \n;
;wünerkeafuluem inche kidu ;Hiba primero yo sola \n;
;dond elo watral küpavuy tañi abuelaem ;de muy lejos vino mi abuela\n;
;ta pingekeuy kuyfi veyta ütrirmangen tañi domoem ;decian ante envidiaron mi mujer era\n;
;vem pultrunuiñ noise mekekevun spapor spaahí spacerquita;Me colgue hacia por ahí cerquita\n;
;uh rupakey ta pukem ;Han pasado inviernos\n;
;feyta pukem pikefiyiñ ;entonces el invierno le decimos\n;
;küme pukem ta elumuayiñ;denos un buen invierno\n;
;ta tukunuyiñ pukem ;tenemos en el invierno\n;
;doy pu trem pu domo tañi kudeke papay feymu ;a los más jóvenes las mujeres a las ancianas \n;
;fey fem feleatun ;eso así estoy \n;
;lawentulekeafun pukem kay tati  ;estaba con remedio  en el invierno si pues \n;
;feymu ta nasefuy feymu ta tuyfuy tañi fücha abueluem ;Por eso nació entonces mi difunta abuela.;
;iñche iñ  tañi kukuem ;y mi difunto abuelo \n;
;kuyfi dunguem ;eran palabras antiguas \n;
;feypikavuiem pütakeche ;así decían los viejos \n;
;tañi mongekem ;que nos da la vida \n;
;feypiki tañi chawem ;así decía mi difunto padre \n ;
;lütraletuki pu pewenem ;\n;
;chi pewenem tüfa ;las araucarias estas \n\n;
;chumvuyiñem iñchiñ ;que hicimos nosotros \n;
;tañi chawem ;mi difunto padre\n;
;mapuem saltiavingün ;la tierra lo asaltaron \n;
;apümfi chi boskem ;a acabar con el bosque \n;
;spadepue fey apümfinluem kechatuavel ;después que lo acabaron lo iban a echar   \n;
;ta püta kamarikunem ;y entro con una rogativa \n;
;pukem koni ;En invierno entró, \n;
;vey wüñotuchi pukem ;Y al volver el invierno \n;
;noise chumül ta feypivenu tañi lamngenem ;En días pasados me había dicho mi finado hermano,\n;
;tañi lamngenem tañi lamngen ;mi finado hermano, mi hermano,\n;
;ütrüflayaymu ta chau puulukem ta  müten ;el gran padre no nos ha abandonado \n;
;kiduem fütakeche ka ;ellos los antiguos \n;
;fütra chawem ;a Futra Chawem\n;
;fem tripay anay peñi;de esa forma sale pues hermano\n;
;walüngem ;En verano.\n;
;feymu dunguñpeenu tañi chawem ;entonces  con él habló por mí mi finado padre. \n;
;tañi chawemuem ;por la intervención de mi finado padre,\n;
;piren feyta pükem ;La nieve, esta en el invierno \n;
;tüfa fey fey mucho kuyfi fem rume durawi;y este, antes cualquier cosa duraba mucho\n;
;chunte  mekefuy em tüfey;cuanto hacia pues ese\n;
;ñi kukuem ta ;mi fina abuela paterna \n;
;trawünkillem mapu;reunimos la tierra\n;
;ñi chawem ;el que era mi padre\n;
;kimlan tem chume kim papeltulan ;no sé nada no se leer\n;
;kim papeltulan kimlan tem chume ;no sabía estudiar no sabía nada\n;
;kuyvike machiem ;de la machi de ante \n;
;pütake antikuo machiem tati noise ;que era machi de muy Antigua \n;
;ñukentuem noise antikuo machi ;que era la tia una machi Antigua \n;
;pikevuy ñukentuem nütramkakevuy;decian mi tia conversaba\n;
;pikevuy ñi nütran ñi ñukentuem ;decia en la conversación mi tía.\n;
;rey mapuem ;que es rey de la tierra \n;
;tañi spamamá kompa püllüem noise ;mi mamá le entro el espiritu \n;
;inche ta we trem noise püñeñ wüla ta inche;yo soy criatura recien crecida soy\n;
;we trem nga inche anay lamngen noise ;soy joven pues hermano \n;
;noise vey tüva wül noise inche nga we trem ;eso ahora recien yo soy joven \n;
;inche ta tachi pukem tünlan tati;yo en este invierno no toque ese\n;
;nem puro weküfu    no mas chaw;era el puro espiritu maligno padre \n;
;fem kidu ka femki  pu;sí, así le pasa solo. \n;
;ka fem tripaki che pingi;uno lo va heredando dicen\n;
;fey chi füta wentruem femyawfuy ;ese viejito así andaba, hasta el final,  \n;
;pu anka küchawi chi füta wentruem ;se estaba bañando \n;
;fey femfuy ñi pichi wentruem ;eso le paso a mi niño\n;
;inche ngemen miawkakefun em  ;Yo el otro día fui después de andar harto,\n;
;feley peñi fem femi llemay;Así es hermano,\n;
;fey chumngen rume kosechamu walüngmu o pukem rume;ya sea en tiempo de cosecha en verano o invierno,\n;
;feyta feypikefuy feypikefenu tani chuchuem pikefuy;Este entonces decía, que su abuela le contaba\n;
;tañi chuchuem pikefuy pekefenu;vendrán muchas enfermedades me decía mi abuela\n  ;
;ta chi füta wentruem feyti feypipeyu nga;por ser hombre te digo esto, \n;
;re fem küwümu tukevi müten;en la mano no más le llega \n;
;ruem wechañmawfuy ka;Se había puesto grave.\n;
;fey ñi kukuem feypi ;la abuela materna le dijo \n;
;kiduem kimnieñmalanu iñ kutran tüfa ;él no me conocio la enfermedad este, \n;
;pivunem fey kiñe rume;dije  ni una sola persona \n;
;ñi chawem entukefuy ;mi padre sacaba \n;
;feymu ta hcem opital müli;así que hospital hay \n;
;choykenge choykefe ñi chawem ;era choyque hacia chiyque mi padre \n;
;füta kolomallem allküpafimi;\n;
; poma fem küme tripaleaymi küme;Ojala te salga todo bién....\n;
;tükun korü kom inmukefuinem tati ;Sopa de locros, todo lo comíamos.\n;
;ta inche rume pikefiñ pu trem kudeke ;es que yo les digo mucho a los mayores\n;
;püllü pu trem fütake che fütake ;anciana los ancianos mayores\n;
;kümkeñ piavuluem mapudungunmu ;Kümkeñ deberia decir en mapudungun \n;
;tüfi ñi longko kutraniem kimlafimi ;hace tiempo que me dolía  la cabeza no sabías \n;
;fem fey tuy tiychi kutran;tiene esa enfermedad\n;
;porque inchiñ tañi kimün ta elerpuy uh tañi fütacheem ;porque nosotros sabemos lo que nos enseñaron nuestros padres\n;
;prendeor ngillakünulelfenew tañi chaw em ;prendedor me dejo comprado mi pápa\n;
;tukutukuleafiel em tati;usaba en aquel tiempo\n;
;tañi chaw em ;mi elfinado padre\n;
;rume kümekünufenew em ;Te dejo muy bién \n;
;fey ka katrtuniem iael fey ;por eso no estoy comiendo \n;
;doy eluwelu doy em konkealu llemay;aun mas me afecto \n;
;doy em konkülealu ;con mayor profundidad\n;
;tañi kutran fem tripay ;salio asi su enfermedad \n;
;ula fey ula fem tripakefuy tañi ñuke ;después recien salia mi madre\n;
;tem pielngenga pielngenga ;me dijeron  \n;
;tem dungu rume pienu chi machi ;pocas palabras me dijo la machi \n;
;ta niepen anüwem fantepuy ;apenas me sente hasta ahí.\n;
; fem rumi ñi kutran ;así hizo mi enfermedad\n;
;wadkümngiem ;.Se hierve\n;
;tañi ka weda sirkulakem noise ;.por circular mal tambien\n;
;vemngechi pütrem utruntukumeki ;.asi cigarro se le ponia\n;
;veymu kobraki machi lawentuem spa;.por eso cobra machi remedio \n;
;spabueno spagracia chawem spa;Bueno gracia a tu finado padre\n;
;pütremangi feyta pütrem tukulelngi;se fuma este como cigarro se coloca.\n ;
;pütrem tukulelngi feyta pitrun konki feytichi;Se coloca commo cigarro este como cigarro entra ese.\n ;
;ka tripa ka tripanüem nütram wingka ;La gente de afuera conversación huinca\n;
;küme pukem ;buen invierno \n;
;pukem spaespecialmente spasi spapu ;En el invierno especialmente si pues \n;
;ñi fücha chawem akuy;mi finado padre llego\n;
;feypilleneu mayta ñi fücha chawem ;eso me dijo mi anciano padre fallecido\n;
;ñi fücha chawem tati ;mi anciano padre fallecido pues\n;
;trem che;gente adulta,\n\n;
;kam kimnielu chumuechi katrütukem kutran ;o los que saben como combatir la enfermedad,\n;
;pütrü müna mañosongefuy taiñ chawem ;Era muy mañoso  nuestro padre.\n;
;inche tañi fütra wentruem kellukefenu ;A mí, mi  finado marido me ayudaba.\n;
;wüne fütalngelkawi tañi chawem ;Primero se casó mi finado padre,\n;
;feymu na adnentuwtuy tañi püñeñem ;entonces  imitó en mi finado hijo \n;
;vey machivelem ñi ñuke inche ;y era machi mi madre yo,\n;
;vey tañi wese papay em ta feyta ;pero mi querida abuelita tambien  \n;
;tem rume kay  ta;y ninguna cosa eh.\n;
;pekelan ta inche tem no rume ;No eh visto ningun cosa pues \n;
;arem uh vamngen müleki  pu;En la calor, esta fecha se encuentra pues. \n\n\n;
;tem dungu wechake dungu rume mülelay tami lofmew ;que existe cualquier problema mala en la comunidad \n;
;veyta ka mongelefuy ñi chawem ;también mi padre no participaba \n;
;fey ñi namunem ;por mi pies era\n;
;elunengen pewmafen ñi machingeavelem ;me tuvieron dando sueño, para hacer machi\n;
;fey ka kiñe llüpem  ñamümtuviñ ;También en una ........... lo perdí\n;
;ka kiñe llüpem ñi follentumu tati;y una ......................canelo \n;
;vey tañi katrüngeafelem ta vill anümka;eso  para  controlarlo   los varios  arbusto \n;
;inangi chi trem ;los menores edad \n;
;tañi elfelem ;el que dijo \n;
;feyta pütremngi feychi pütrem ;entonces lo quemaban y ese quemado \n;
;ka kiñeengüntu pukem miawi tipüle felen ;y también algunas veces en el invierno anda por ahí \n;
;tifu kutranmu perdey ñi chauem  pu ;de la enfermedad del tifus murió mi padre pues.\n;
;femuechi perdey ñi chauem  pu;Así falleció mi padre pues.\n;
; que ñi chauem  pu;que mi finado padre pues.\n ;
;inche ñi chauem veyta perdey;Mi padre murió,\n;
;mülekefuy ñi wekuem ;estaban mi finado tío,\n;
;pu ñukentuem ;mis tías,\n ;
;tüfa ta ñi topelem pi ;aquí en mi cerebro dice\n;
;ngerkefuy pilay tañi aguelu em fey trari ;tenía no quiso mi finado abuelo y le amarraron\n;
;ta kutran dulliniey ta kidu em re pekan ;al enfermo lo elige solo pues y no cualquiera\n;
;fey wingka kimlay  pu fey kidu em welu ;eso el huinca no lo sabe pues y solo eso pero,\n;
;inche ta femuchi küdawem am nielu ;Yo así es el trabajo que tengo \n;
;inviernumu pu pukem tripaki;en el invierno pues sale.\n ;
;pukem doy elukiam pukem;Invierno mas se da invierno.\n ;
;yegeneu tañi pücha chawem ;me llevó mi finado padre \n;
;ketramapukevuy tañi chawem ;haraba la tierra mi papá\n;
;seuma trari manchun chawem ;ya cuando enyugaba los bueyes mi finado padre\n;
;vey inayawülkevun tañi chawem ;y andaba detrás de mi finado padre\n;
;fey fem künumi würküwelafiñ;eso lo dejé así no lo mandé más....\n;
;pukem tati rume wedalekefuy kuyfi ;en el invierno pues antes estaba muy malo. \n;
;kuyfiem pingen ta ta;como antes dicen pues.\n;
;kutranlu em femngechi repente kutranrumey;derrepente se enfermó de esa forma\n;
;fem tripawi ti kutranpeka;asi salio alli la enfermedad pues.\n;
;kom küem pelo nieymi kom ;toda su vista buena tienes, todo pues.\n;
;kütraltukiyin piki ruem weya sufri;nos enfermamos decía, sufrimos mucho.\n ;
;pukem ;en el invierno \n;
;chumlanu tem dume ;No me hizo nada \n;
;inche ñi chawem ;mi finado padre \n;
;ngütramkalpanew tañi chawem ;me vino a conversar mi finado padre \n;
;ruem kupay asucura;se pasa mucho azúcar \n;
;newen trem niekeperkefuy che kuyfi;crecía con fuerza  la gente ante.\n;
;ta tun inche tañi chawem ;entonces yo mi padre\n;
;pukem adümuwinga ti vey ayekawi pingelama;en invierno aprende tambien para deleitarse\n;
;awem tüfi küla trapi ;Así es con estos tres de ají.\n ;
;awem entuymangi ñi as namun ;Y así le sacaron la forma del pie\n;
;awem fey tüfi yif sew femlu ;Y así es esto ya lo hizo \n;
;fey kimgeki ñi hoja lem ;así se sabe si esta ojada \n;
;awem a pichike che müten hoja pi ;Así los niños no más se ojan dice\n;
;itromeem nge kiñe che ;le entra una mugre en el ojo a una gente\n;
;avece koniem ;a veces entra\n;
;fey wüniem ;así en la amanecida\n;
;awem wesakunurkefuy tami chaw tüfey ka ;Y así no le habra entrado algo mal a tu padre este.\n;
;amuchimo pikefuy ñi chawem ;decía su difunto padre \n;
;akuy ñi chawem ;llego mi difunto padre \n;
;o    eso ke iñche ñi chawem ;o eso que mi difunto padre \n;
;cheu mülekefuy pücha nawelem  ;entonces por donde estaban el gran difunto Nahuel\n;
;pingekinga tami awelaem nga ;es lo que decía tu difunta abuela \n;
;chuem tripalu müten ;solamente para salir \n;
;fey pablu pingi ñi lamuem ;y Pablo se llama su hermano \n;
;pekakevuy ñukey em wadkümki lawen ;lo he visto a mi mamá que hace hervir los remedios\n;
;küpangevun ta ñukentuem ;que Sali de la que fue mi  tia\n;
;spaporque inche tañi mamay em ;Porque mi mamá \n;
;mollfüñem ta newengewelay ka ;la sangre ya no tiene fuerza también.\n;
;kimlan ñi chawem ;no se mi padre\n;
;fem femillemay;Como que hacen eso sí\n;
;plataem llemay ;Si es plata pues \n;
;anümka pukem vey pichi müley chi ;planta de invierno eso hay poco \n;
;fey kuye suegraem elukefenu nga ;mi anciana suegra me daba pues,\n;
;fem ñi ellkaneal dungu che;de esconder las cosas la gente \n;
;tañi wekuem ;mi finado tío \n;
;spano ngelay küdaway ta pütakecheem ;No no había de trabajar los antiguos \n;
;chi machiem mülefuy;esa machi que había \n;
;chollem pi kidungünew ta kimngekelay pi ;así no más, por su propia cuenta no se sabe dijo \n;
;dallem ñi lawenengün ;le daba un remedio a ellos\n;
;tañi longkoem ta ;así su cabeza \n;
;inche tañi mamaem ta veypienu ;mi finada mamá a mi me lo decía \n;
;feytimu ñi chuchuem  llepay ;mi abuela de allí vino a buscar \n;
;tañi chuchuem tañi matronallem ;mi bauela, la que era mi patrona\n;
;püta chellem püta chaw diomu ta ;a los mayores el gran padre dios \n;
;tañi mamallem ta anüñmakefenu;Mi tío me ayudaba.\n;
;kom kom fillem votillamu nieken ;de todo, de todo tengo en botellas\n;
;mülefuy em tati kimnelu  todo;exístian los que sabian todo,\n;
;ta che kuyfiem metawe dewmakefuy piam;la gente antigua hacia cantaros dicen\n;
;mülikintukevuyiñ pukem palin;habia, soliamos buscar en el invierno \n;
;ruem yamkefuy ta folle;se habia perdido bastante el canelo\n;
;uh inchin ta pütrake kimchefelem ta ;Nosotros somos grandes sabios \n;
;feymu mongeay tami trem che;así se va sanar su persona en crecimiento \n;
;pukem fentren pire müli ya ;en invierno hay harta nieve ya,\n;
;inche tañi chuchuem ñi weku ;mi \n;
;re putrem ;sólo unos que están creciendo\n;
;re yeñmapayiñmu kulliñem ;sólo nos vino a buscar animales\n;
;kom kullinengey igual amuy chawem ;se le pagó todo, igual se fue mi difunto padre\n;
;ñi lamngen ngem lamngen wingkamu müley;mi hermana, hermana está con los huincas\n;
;pienu iñ mallem mallem ;me dijo mi tío, tío \n\n;
;ñukentuem may ;finada madrastra pues\n;
;ñekentuem fey feyentuwelayngün ;finada madrastra ellos ya no creyeron\n;
;ta yetuaymi kom pelotungem ;todo esto llevarás donde te observaron\n;
;paysanuem taiñ mollfüñ;paysano era nuestra sangre.\n;
;amuayiñ pingevuyem spa;vamos ir decían pues \n;
;pikevuyem ;decía ante pues \n;
;re weche trem tremküleruputuyiñ ;puro jóvenes están creciendo \n;
;femngevuyem ka spapero ;Eso se hacia pues, pero...\n;
;feylle doy kümelevuyem ;Eso es más bueno era \n;
;fey femnoavelem ;eso no debería ser \n;
;pukem yal spa;para comerlo en el invierno \n;
;konki kom konkefuyem ;Entraba, todo entrábamos \n;
;inche tañi chawem ;mi finado padre\n;
;pichin tripantu nievuyem spa;Poco año tenemos \n;
;tañi chawem tati;con mi  finado padre pues,\n;
;we wentrulevuy ta petuem ;Joven hombre estaba todavía,\n;
;kullme koniem allfen mongekelay;Si la infección entra  la herida no alivia.\n;
;ñi ñi pücha aweluem ;mi viejo abuelo \n;
;inchiñ ta fantenmu ka fey ta pu trem kületuyin tati;y nosotros hasta aquí hemos ido creciendo pues \n;
;feyta inange trem llemay pu choyin;estos siguen pues de los hijos mayores \n;
;wemem müten taiñ pu malle;soy el sobrino más nuevo                                                                                                                                                                                                                                                                                                                           \n;
;fücha chawem tüfi inchiñ may;mi viejo finado padre , nosotros aquí pues \n;
;tüfita inange trem müten mülewi;aquí sólo están los menores que siguen \n \n\n;
;ñi püta chawem tati;mi finado viejo padre pues.\n;
;  ahora  pücha nawel em ka;ahora el viejo Nahuel, también \n;
;fem femi  pu;Eso pasa pues.\n ;
;wem poñi polüm wa ;papas nueva, choclo cocido\n;
;fey wüyüki ñi witruntuem ;me da mareo con el humo\n;
;ñi chawem konkefuy ngillatun meu ;mi padre entrava a la ceremonia \n;
;cheu ta tripapay tañi chawem ;donde salio mi padre\n;
;ta tripapay tañi chawem ta kuyfi ;salio mi padre antes  alla\n;
;femekekefuy ñi fucheke küpayanem kuyfi;eso hacian mis mayores que eran antes\n;
;feula ta newem felewelay rume ta femechi kutran ;Ahora no hay  no esta tan asi esa enfermedad\n;
;mongelem üdeyaulel ;Lo andaban trayando para que se mejorara \n;
;küme dungu pieneu ta pukem peñi;es buena cosa me dijo en invierno hermano.\n ;
;mawürkey feyta raraküle pukem ;Da vuelta y hierve el agua en invierno\n;
;perselu tañi lamngenem ;cuando lo perdio mi pobre hermana \n;
;kimiy mapuche pütrem ka ;sabe el mapuche del cigarro también \n;
;pütrem ka kimiy ka pülku ;sabe del cigarro, también del vino. \n;
;fey püta chaw mayta tañi fem kunu peteu pi ;ese gran padre pues  que me dejo dijo \n;
;küdaumukefunem  ;si trabaja ante pues \n;
;putrem wentrulewen dewma ;soy mayor de edad ya \n;
;feymu dios fem llistuniyu y ;ahí Dios lo limpia y, \n;
;kimpafulu ta kom ngütramem ka ;se venian a conocer todos de la conversación.\n;
;tañi ñuke tañi chawem ;el finado padre de mi mamá\n;
;fem kom nieketufiñ ;así a todos los tengo \n;
;tañi ütrüfpuley tañi chawem ;estaba abandonado mi padre \n;
;chumngechi che trokiukefuyem ;quizas que tipo de personas se consideraban \n;
;chumngechi tañi kontüukefelem ;quizas como se vistaban \n;
;chumngechi tañi mongefelem kuyfi ;de cómo era la vida antiguamente,\n;
;kuyfi tañi chumlekefelem tañi fütakeche ;de cómo estaban sus antepasados \n;
;ta ruem weya winka kawkawi;ahora que se hacen muy  huinca\n;
;uh inche ayinen tañi nem ke;me gusta mi cuestión que\n;
;ti nafun nem pikingün ;me gustaría obtenerlo dicen\n;
;rüle pukem ;resfrío en el invierno\n;
;inchin nam pewem ;nosotros nuestro pehuén \n;
;müleluam trawünkillem mapu inche ;como estoy siempre reuniendo en la tierra yo\n;
;pukem pu ;En el invierno pues.\n;
;pukem tripaki;En el invierno sale.\n;
;fey kintukeiñ fey pukem taiñ lawentual tati ;eso lo que buscamos en el invierno para remedios\t\n;
;tañi tañi chawem ta iñche ;ami mi finado padre\n;
;niefun tañi  familiaem tañi ñuke ta iñche ;alla estaba la familia de mi mama.\n;
;tüfiem chongi lawen ;... este remedio se apagando \n;
;petu mülelu anta pukem ta tüfa ;Todavía hay en el verano ... esto.\n;
;petu petu müli ta pukem tata ;Todavía, todavía hay en verano tata\n;
;petu mapuche pukem pi;todavía en el verano Mapuche dice \n;
;pütrem tukuyefingün ;le colocaron cigarros \n;
;wingka pütrem tukuy ;Los huinca lo quemaron \n;
;ñi chaw em vey ;mi Padre si un poco,\n;
;ñi pucha püñmoem inche;a mí mi finado suegro. \n;
;pütake  pu cheiñiem ka;Las grandes personas mayores pues\n;
;spato spaese kom yiviem ta ;todo eso, todo eso consumía\n;
;ka kiduem nütrammu fün rüngi piki;también en la conversa frutos del colihue dice.\n;
;tañi feymu ta mongekeyevunem ;con eso vivían\n;
;kullüm ngüllu mütrem konlu ;.........piñones ..............\n;
;küme lawenem küme ;Buenos remedio bueno\n;
;spasino müleavuy ta kulliñem  che;sino no tendrían animals la gente\n;
;fem ;Todo.\n;
;ta weke trem ;estos recien crecidos.\n;
;trem wentru;hombre adulto,\n;
;pukem  hace faltaketuy;ya hace falta durante el invierno.\n;
;lefluem fey tati ;el que corre ese pues \n;
;tañi chauem ;el que era mi padre \n;
;feyam pukem tati femiaukeyu;como era invierno pues, andábamos así\n;
;rangi pukem juniomu;En pleno Invierno, en Junio\n;
;kütralmu fem tukungele ;en el fuego y llegar y colocar\n;
;muñutungeki tüfi ta wakem ;\n;
;pikefuy ñi spaabueluem ;decía mi finado abuelo \n;
;tünkülen fem yekefun trükolekefun ;estaba tranquila todo llevaba estaba acurrucada\n;
;müli ta pewütün fem mülen ta dungu tati ;existe la observación porque así existen las cosas pues.\n;
;pülayvoki kafey noyke fürkem ti;foqui de pulai también no ves que es fresco ese.\n;
;fem mületuymüten  tati ;todo esta nomás pues\n;
;fürkem  pu koñintu ;Es fresco pues, sobrino\n;
;spaese tükun firkem tati ;ese locro es fresco pues.\n;
;firkem tati ;es fresco pues \n;
;fey firkem ta tukun tati ;Eso es sembrado fresco pues.\n;
;püta malle iñ flora iñ chawem ;mi tío paterno por el finado del papá de la Flora \n;
;kom trapumleyu tami chaw em pienu ;todo lo juntaba tu pápa me dijo\n;
;tañi ñuke em ka ta petu müte kimnolu ;mi madre tovía no sabe mucho\n;
;tulelu rüpü tukefenew kom tañi chaw em ;lo que estaba tomado del camino me hacia bien decia mi pápa\n;
;kimelkünuenu tami chaw em noise ;me daba a conocer mi elfinado padre\n;
;tami chaw em tüfey lamuen ;y tú elfinado pápa hermana\n;
;tañi chaw em re pewmamu ;Mi elfinado padre por medio del sueño \n;
;kom kimngefuy tañi chaw em pingi ta tüfey ;todo sabía mi elfinado padre\n;
;ta chi machiem ta faw ta akufufuy pu kayulmu;esta machi llegaba en la familia de lo Kayulmu\n;
;f ill longko pütrükefuy ni longko em ;todo el pelo era largo mi pelo si\n;
;fey inche ñi ñukenu em nangün ;así donde mi madre baje\n;
;felen chi longko kutran kay ti feymu fem noise ;Esta así la cabeza enferma así es por eso que\n;
;ñi lamngen em  tichi tiw kiñe mata ;mi hermanan había una de esas mata\n;
;ni lamuen em domingo ;mi finado hermano Domingo.\n;
;tañi ta juan de dio em ;mí tía Juana de Dios pues\n;
;ñi lamuen em amutuaymi mejor iyiw ;mi finado hermano te vas a ir mejor allá\n;
;yepayayu fentewe pirki ni lamuen em ;Te vendré a buscar dijo mi hermana pues\n;
;tachi wentruem fey tañi chaw em ;este hombre es mi  padre difunto \n;
;pulku em ufisha ilo danchu  ;Vino pues carne de oveja, chancho\n;
;trafiem feyengu mekey ni purun ;.en la noche ellos seguian haciendo purun\n;
;autin em ;.finado Agustin. \n;
;ilayin tem rume;...nosotros no comimos nada.\n;
;fem femuechi müten;todos así nomás\n ;
;re weke iyal lem re mapumu ta tripalu muten;Nuevas comidas que salen de la tierra no mas.\n ;
;akuynga pukem wecha kaulay;llego el invierno, esta malo  \n;
;ta doy inche tañi chawem tañi trem;mas yo el criado por mi padre \n;
;ka müli longko kutraniem kuyfi ;.tambien hay dolor de cabeza antes\n;
;vem llimay lamngen ;.es asi claro hermana\n;
;fayiem iyagel chumkimueymün ;se fermenta la comida que los hacen \n;
;ruem fürkülu feyta ngüf willeñi ;enfriamiento que tranca la orina \n;
;ñi trüfoniem fey pütokon wadkümün ;mi tos tome ese hervido \n;
;feyta wadkümelfin ta foyeem      ;así herví canelo\n;
;ta pütokoñmual ta kutraniem ;debían beber al enfermarse\n;
;füskem piwkekeiñ ta ;Refrescamos el estómago\n;
;inche tañi vücha malle em ka vey ka ;yo mí anciano tío también el pues\n;
;inche ñi chaw em rume tati epe ;mi finado padre pues casi \n;
;chawem ta newenngevuy newenngevuy;finado padre tenía fuerza, fuerza.\n ;
;doy kümelekayafuyem pe ka;más estaria bien pues también. \n;
;kiduem femlay kiñekeñpüle femi  ;ellos no lo hicieron pasó ha un lado. \n;
;feyta kiñekem piwkallelamfemngechi ;esto alguna veces le digo las palabras así,\n;
;re pu spacampesino akuy em ;habían llegado puros campesinos \n;
;spaasí spaque müleyüm ni müley em  spatiempo;así que están donde estaba pues en un tiempo \n;
;tani pütakeche akuy em ;el que llegó dond emis mayores \n;
;feyngey feyngey  ta tani chawem ;Así es, así es mi finado padre \n;
;rrumel rumel fey püta chawem ;Siempre, siempre, esto el gran padre \n;
;ffem femngeafuiñ may;Así nos harían pues.\n;
;kka fem ;También así.\n;
;ppüta chawem tani eluetew dungun ;Si el gran padre nos dejó el habla \n;
;püntü trem tripatuaymi pingen;a parte va a salir me dijeron.\n;
;chumeluchi nga ñi fem rumeal ;como me iba a pasar eso\n\n;
;ñasu felem ;la cuñada \n;
;pütrem lafuyngün;Artos muriron.\n;
;mañem kelu kay che nga;Agradece pues también la gente pues.\n\n\n\n;
;feyta pükem külekatuy ;en el invierno hay\n;
;ti veyta pükem püran peñi ;eso porque subía en el invierno hermano\n;
;vewla ngelay pukem no;Ahora no hay invierno no\n;
;vem niekevuyngün   pu ;Así lo mantenían pues\n;
;kutraniem tamu mapuche ;Enfermedad tiene aquí el mapuche\n;
;oregano pütrem fey müten ;orégano como sigarro eso no mas\n;
;kuyfi ta pütrakeche uh entumeayem lawen;Antes los ancianos para sacar remedio\n;
;meale che entufem meafuyten may;para ir a buscar la gente saca no mas.\n ;
;entufem mekimüten engün ka;Sacan no más ellos pues.\n ;
;ñi püñmoem müna wapongi;mi finado suegro era muy mañoso\n;
;mürke pidku we gürem awar tuwi;mote de harina, con haba nueva \n;
;ta kuyfikeche gürem awar ;los antiguos haba remojada \n;
;türpu inche tañi lamuenem ;nada antes mis hermanas \n;
;lay tañi lamuenem feymu ta inche;murió mi finada hermana, por eso yo.\n;
;larki ñukeem ;se le murió su mamá \n;
;ñi lamuenem larki;murió mi hermana \n;
;kude domo em fey mongerpuen ;.la anciana mujer esa me revivio\n;
;pero küpatual em nielain manshun ;.pero para venirnos no tenemos bueyes\n;
;witratuki müñetuki piki ñi chaw em ;.se levanta y se baña dicia mi padre \n;
;ta mapu tañi lamngen em pajonal ;.en la tierra de mi hermana en el pajonal\n;
;welunmangefun tañi lamngen em ;.se habian equivocado mi hermana \n;
;fey ñi chawem fey nga feypienu;mi Padre fallecido..pues..me dijo \n;
;feynga mongelefuy ñi paluem ;pues estaba vivo mi tia\n;
;fey tañi paluem ta mongeleneu;mi tia fallecida me hizo vivir\n;
;fem femenu ta weküfü tati ;me hizo eso, el espiritu maligno, pues.\n;
;inche tañi chawem ta;Mi padre fallecido pues\n;
;inche tañi aueluem kimpafiñ;yo conoci a mi finado abuelo\n;
;inche tañi auelaem ;Mi finada abuela\n;
;küme machifel tañi auelaem ;era buena machi mi abuela\n;
;fey reke doy throatnoise doy  ñi füta wekuem ;Como ese mas  mi finado tío materno\n;
;awem kay ;Que barbaridad.\n;
;feyta uh tañi füta wekuem ;También mi anciano tío que era\n;
; trafoy tañi füta wekuem fey ti ta ;se quebró mi vieja tía así es pues\n;
;kuifi doy femkefunem ;antes más así hacía pues    \n;
;feychi lofmeu cheu ñi mülem ;en esa comunidad donde estaba\n;
;petu niem llemay ;Todavía tiene claro  \n;
;ñi karüafelem fey femlay  pu ;estar más verde y no fue así pues \n;
;taiñ mamaem inchiñ;nuestra Mamá a nosotros\n;
;tañi chawem tañi lamngen;Mi Padre, mi Hermana \n;
; to  a la vece vem tripakimi;todas las veves haces eso, sales \n;
;amurkeafulu üyiw em  ;tenía que ir allá\n;
;feymu pewmatuen pifi chi finawem pifeyu ñi chaw;ahí soñaba el finado le había dicho mi padre\n;
;pu   hijo üye ñi lamuenem ta latulu saba;pues hijo, ese hermano que se me murió  del papá de Saba,\n;
;saba ñi füta chawmu dapipan ñi lamuenem ;Saba y su abuelo \n;
;pu  epu ruka niekefuy chi chi wentru finawem ;pues dos casas tenían entonces, finao su esposo\n;
;eymün we trem tati ;ustedes recién están creciendo pue\n;
;awem ;Sufrir\n;
;güdefin tem tem ial rume duamwelan ;odié las comidas ninguna comida mucho lo deseo\n;
;veychimutripay ñi finaoem ;esa vez salió mi finado\n;
;avichi kütral aviem chi kütral ;se termino el fuego, se termino el fuego \n;
;llem itrokom kutran müli ta;hay muchas enfermedad \n;
;fem  este alün mollfün wütrünentule;si le sale mucha sangre, si la pierde.\n;
;eymi tüfa uh kutraniem lonko ;tu con este dolor de cabeza\n;
;uh lonko kuttraniem ;Para el dolor de cabeza\n;
;rupaki chi lonko kutraniem ;se pasa el dolor de cabeza\n;
;y kutraniem elungekerkevun lawen ;y si tenía enfermedad me daba remedio\n;
;foro kutraniem ;Para la enfermedad de huesos\n;
;vey kutraniem voro;si se enferman los dientes\n;
;rume vürey mayta vem vemki;es muy amargo así lo hace eso.\n;
;biem kuyvi femkerkelavuy che ;Bien antes esto no hacía la gente \n;
;vem chi che vemkepelay ;la gente que hace eso debe sentirse igual \n;
;chi pilun koniem chi wüllen ;si en el oído le coloca orina  \n;
;ka kutraniem ;que también se enferme \n;
;vey kiñe wedam kutraniem ;es una mala enfermedad \n;
;kuyvike che kutraniem ;Antiguamente la persona \n;
;tañi chawem noise;mi padre \n;
;ñi chawem noise;mi padre\n;
;mapuem mapuche;el la tierra del mapuche;
;chumalam vem vemiawlaymi;Para que lo andas treyendo\n;
;ngekenofuluem tutuem tifu ;no existía algo que le hiciera bien a la tifus\n;
;ñi ñukeem kintulenu veychi lawen ;mi difunta madre me buscaba ese remedio \n;
;fem kutrani mülerkelu;como hay todo tipo de enfermedad.\n;
;fem amulekalli may ;Así era como avanzaba pues\n;
;unetuy ni finawem  pu ;se fue primero mi finado pues,\n;
;pütrem ka kümey pingi fletan pingi;el cigarro también es bueno para fletar dicen\n;
;fey pütrem pengeli ;ahí cigarro se encontraba\n;
;fey ni finawem dapinenu  pu ;y mi difunto me cuidó pues,\n;
;fem pelavuy may ;Debe haber sido así pues\n;
;tani chawem no rume;ni mi padre siquiera.\n;
;vemaychi kam vem vemle ta vemayka;Va ser así quizás y eso pasa, va ser así pues.\n ;
;killkeengu vem ;Con quillque pues \n;
;re putrem putremküleweyngün ;estan bastante crecidos ellos,\n;
;awem kay fey tüfichi make uh;..................,ese maque\n;
;awem cough kay;\n;
;tem kutranmu rume;En cualquier enfermedad,\n;
;lawenem femngechi tulay;tomaran cualquier remedio\n;
;tem ngillatuwetulay llenuanta che;ya no oran las personas ahora\n;
;altamisa pingi tañi lawem inche;Altamisa se llama mi remedio, Yo. \n\n ;
;kiduem niekevulu spalanza kuyvi ;si cada uno tenía lanzas antiguamente\n;
;ngillatuayiñ puem ngillatuayiñ ;vamos a hcer rogativa, todos vamos hacer rogativa \n;
;ñi fücha abueluem tati ;mi vieja abuela pues \n;
;trüvür trürngi maw reke pukem ;Cayó la lluvia como nieblina en el invierno \n;
;liwen spanoyque pukem reke veli;la madrugada esta cómo invierno \n;
;tañi paluem pi veyta nievin inche;dijo mi tía por eso la tengo yo.\n;
;veyta tañi chawem ;entonces mi padre \n;
;  no uh tañi chawem ñuke ;No mi finado padre, madre \n;
;ñi chawem wüleneu ;mi finado padre me dió\n;
;pienu ñi chawem ;me dijo mi finado padre,\n;
;chuchimu tem weya piti wingka ;En donde, cualquier niño chico huinca,\n;
;fem fey pe ka feypeno ;Así será eso seguramente\n;
;kimi tapütakeche kuyfiem ;sabía las gente mayor antiguamente\n;
;kuyfiem pütra kamapu wemü ;antiguamente pues, \n;
;fotüm peñi femi ta fem rumele ;un hijo, hermano si algo le pasa de repente \n;
;wechalkay em kiñekemu ;Hice mal algunas veces \n;
;ka feli pu peñi vem vem;Tambien es asi pues hermano, asi es asi.\n;
;chaw em vewla latuy ;el que era mi padre murio hace poco\n;
;kiñe  hospital ñi ñi chaw em ;un hospital tenia, el que era mi padre\n;
;chaw em veyta;mi padre \n;
;nagkefuy vey tañi chaw em ;bajaba ese que era mi padre\n;
;vey kintungeki chi kim em  wuay  ;y se busca ése para la inteligencia\n;
;chaw em peñi niekevuy;el que era mi padre tenía hermano \n;
;vemechi vey uhm velekevuy ñi chaw em ;así es como estaba el que era mi padre\n;
;veyta trawawem ;y este golpe\n;
;feypikennga ñawe feypikenem ;me ha dicho hija, me decía \n;
;pukem fey doy kimngeki;en el invierno se conoce más\n;
; sino  que wütremu pukem ;sino que con el frío del invierno\n;
;feyta inchin tañi mapuche ngem tati ;nosotros que somos mapuche pues\n;
;tati fantenmu ta ni trem  ;ahora que crecí  \n;
;pütrün püñeñ ta niefunem ;hartos hijos había tenido\n;
;he a pukem felewetulay newe ;ni es el invierno no pasa eso pues.\n;
;kullin nem la la ngi pingeki tati;Hasta los animales murieron se dice pues \n;
;ta nien pütrake trem ka;tengo varios hijos también \n;
;chumngechi tañi fem rumeal kay tüfa;¿ Cómo puede ser esto también?\n;
;ta müleymi feychi pu trem machi mu;estás donde las machis ancianas pues\n;
;ñi wentruem ngillatuy maw;mi esposo hizo  hasta rogativa \n;
;fey erke we trem familiaymi ya;eso es recién hás criado familia ya\n;
;feyta putrem tuy wüla;ahora ya a crecido\n;
;tañi inche ñi chawem engu finaw peiro ka;con mi padre y también el finado Pedro\n;
;femlay fem pewütuwita kimllefuy mayta uno;No pasa eso, claro que con la adivinación sabe uno.\n;
;feymuem eleleteu iñchiñ feymu nentukelu ;por eso es que nos dieron a nosotros por eso lo sacamos\n;
;kuyfike wüneküleyekefuluem p ka ;antiguos los que personas mayores pues\n;
;inchiñ feypikefuy ñi mamaem ;Nuestra madre lo decía\n;
;tachi pütrem yerfa ;el cigarro de yerba\n;
;pütrem azucar engü;Con harta azucar.\n;
;peymafiem ko pu;\n;
;inchiñ nem tain mapumu;en nuestras tierras\n;
;trem nieyengün welu wechalkalelayengün;están cresiendo pero no están mal.\n ;
;pukem inchin ;Nosotros en el invierno\n;
;kontukelaymu ta pukem ;no nos molestan en el invierno\n;
;veychi tripantu pukem ;El invierno de ese año\n;
;asike jodiw ngi ta pukem vaw tati;Así que es jodido en el invierno acá pues\n  ;
;ta pefun nem piki;decía que había visto\n;
;perimontufunem ;le había dado el mal de ojo\n;
;fey lawen fiem  ;y le hizo remedio \n;
;pi tañi chawem ;dijo mi padre\n;
;tremomenu tañi chawem tati ;me crió mi padre,\n;
;newe kimlafuy  tañi chawem ;no sabía mucho mi padre\n;
;lamngenem tati ;mis hermanas\n;
;pingey tañi chawem ;le dijeron a mi padre\n;
;fey piwelay ñi machituatew ñi chawem ;por eso mi padre no quiso realizarme un machitun.\n;
;pu gringumu koni ñi chawem ;con los gringos serelacionó mi padre.\n;
;ta reküluwkefuy tañi chawem ;mi padre no participaba mucho.\n;
;traguien yeenu tañi chawem ;A Traiguen me llevó mi padre.\n;
;inche tañi chawem müten ramtungi ;sólo le preguntó a mi padre.\n;
;inche ñi chawem ka ramtuenu ;mi padre me preguntó a mí.\n;
;kidu dallupuy ñi chawem ;Solo fue mi padre a conversar.\n;
;fey yemetuenu ñi chawem ;Ahí me fue a buscar mi padre\n;
;eymi tami chawem kasikengekefuy pienu ;tu padre era kasike me dijo.\n;
; aunque fengefuy tañi chawem ;aunque mi padre era así, \n;
;feyta yiweafuy em papay ;\n;
;tañi nanüng ngem ;mi ifunta cuñada \n;
;inche tañi lamngenem ;Mis hermanas \n;
; pero inche lamngenem kimfuy ;pero mi hermana lo conocía \n;
;ümül ngeweki lonkoem ta pikefuy ;se resfreiga la cabeza decía \n;
;chawem ;donde \n;
;feyti may ñi chawem ;eso yo mi difunto padre \n;
;nentukefuy wem   poco ;se sacaba un buen poco \n;
;fey ürem küla antü;y se hechaba a romojar por tres días \n;
;famuechi rem chi  cordero ;así quedo el cordero \n;
;chawem jose maria katrilaw pingefuy ;finado padre José Maria Catrilau se llamaba\n;
;ni chawem  verdeeru pagre ;mi finado padre verdadero padre\n;
;kavey perimontunngekevuy ñi chawem ;También había visto vision sobrenatural mi finado padre.\n;
;ñi chawem y feymu pe;mi finado padre y quizás por eso\n;
;ay jue la  fem noise;ahí fue la...todos\n;
;awem kay no ;Admirable no.\n;
;awem kay femyefui may chi ;Que admirable, sí, así era.\n;
;kuwem poñi ta duamtunengi ka ;papa asada en ceniza lo desean también  \n;
;pütrem o tabako ;cigarro o tabaco \n;
;ka pütrem elueyñmu;también cigarro nos daba.\n;
;chumngechi ñi mongeluukefel tañi kutraniem ;de cómo trataban a los enfermos y enfermedades,\n;
;ta pe kimiem ta chi dungu ;\n;
;feyta kupakevuyem spa;entonces venia ante pues \n;
;lo spaantiguokümelekevuyem kuyfi  ;Los antiguos estaban bien ante \n;
;tañi chawem rume konkelay ;mi finado padre tampoco no a entrado.\n;
;nieki antüem tañi akuamün;tenían día para llegar \n;
;vey pütrem reke pifürmangeki;eso como cigarrillo se asperge. \n;
;müleki tüfi pukem ;se encuentran esos en invierno\n;
;pukem  walüng müleki;Invierno y  verano permanence,\n;
;fey tüfachi kutran niem ;Esa enfermed que tienes \n;
;bronkio pulmonar pukem ;Bronquio pulmonra en el invierno\n;
;  si sewma pukem mawi sewma ;si hace frío en el invierno así ando\n;
;chawem femngechi kutran ngefuy ;La enfermedad del padre llevaba. \n;
;lay ñi chawem joven lay ;y murió el padre joven murió.\n;
;pukem soy wesachengetuken ;En el invierno me siento con mucho malestares\n;
;chawem vangelico ngefuy pu;mi finado padre era evangélico pues.\n;
;elungi kümeke machi kintuy ñi tañi chawem welu tutelay;mi padre busco una buena machi, pero no le hizo efecto\n;
;tami chawem ka femuechi amuy  ;¿Tu papá tambien se fue así?\n;
;  no lamuen feymulle lay iñ chawem ;así murió mi padre.\n;
;feypikefuy chawem müli kalku kuydaunolu layay müley kalku pikefuy;Así decía mi padre que existe el  daño, el que no se cuida morirá.\n;
;fey kiduleluam kidu tripaürki ñi chawem tati fletealu ;como estaba sola pense que había salido con mi padre a fletar\n;
;tüfa fey  depue ka epeke langümkefuy tañi kure tañi chawem kachal;después casí mataba a su mujer\n;
;lay tañi püñeñem ka leflay iñ püñeñmu;murieron sus hijos y ella no corrió \n;
;iñche ñi chawem niefuy kiñe ñawe wünen ñawe;mi padre tenía una hija mayor \n;
;feymu kintuy lawen chawem feymay mongelenu;mi padre busco remedio ahí y de ese entonces viví.\n;
;müna kim müna küme machi machi inayaulkefuy iñ chawem ;una machi muy buena andaba a la siga de mi padre.\n;
;fem llemay ;eso hace claro\n;
;tañi pu gosalen kom komfuyngünem feyta kullingün;lo que estaban gozando.................y pagaron.\n;
;may kütraltual pukem ;Sí para hacer fuego durante el invierno.\n;
;feyti dewmangi pütrem  así ;Ese se hace como cigarro así\n;
;ilo leon niem che ;carne de león tenia la gente\n;
; dulcecito dulcecito em ;Dulcecito, dulcecito.\n;
;taiñ füchakeche inche tañi abueluem ;nuestras gentes  mayores, yo mi abuelo \n;
;abueluem ;mi abuelo \n;
;ta kiñe pütrenmu pütrem nieki ngillatuki follemew;en un cigarro, cigarro tiene para su rogativa con canelo\n;
;pukem spapero;En el invierno, pero.\n;
;tem petu kimlan;no sabía nada tadavía\n;
;elumuaymi pingeafenem ngelay pu ;prepárate  no me dijeron \n;
;ngewetulay fill lawenem ;no queda variedades  remedio \n;
;kiñe pichike külko tukevuy ñi kukuem ;un  chaywe  chico sacaba mi  fina  abuela paterna \n;
;kom ta vemkevuy tañi kulle kukuem ;todos  eso hacia mi ..... abuela  paterno\n;
;fey tüfam veyta pu inangechi trem kulantu pituy ;Estos ahora  entonces  los mejore que crecen  cilantro dicen \n;
;iñche ta mari pu püñeñ niefunem ;Yo había tenido diez hijos \n;
;mariwingünem tañi pu püñeñ;habian sido diez hijos.\n;
;chawem ta newe kimpalan ;al Padre no lo conocí mucho\n;
;y trem rukamu gringo rukamu inche ka fey;y crecí en la casa del gringo y en mi casa también \n;
;ni fücha chawem tüfey;mi viejo padre este\n;
;feyta fendefiyiñ feyta iyagel eluketueyiñmu pukem ;Entonces lo vendimos y de ahí nos da para comer en el invierno\n;
;tungey fem pichikeche ;se contagiaron los niños\n;
;itrofillem regalo elkünumekepatuken;distintos regalos les venía a dejar \n;
;fey feypülem feychi;hay,  por ahí, por esa \n;
;feychi üllcha domo kulliem patakakulamarimil killi;por esa mujer joven pagué llegó a los trienta mil\n;
;feymu rume kücha longkokefuyiñ kuyfimuem ;con eso se lavaban mucho el cabello antiguamente.\n;
;feyta ta küpalpi kutran pütrem ;ese cigarro trae enfermedad.\n;
;meli kayu pütrem pütremtuki kiñeke pu;cuatro, seis cigarros fuma a veces pues.\n;
;feymu ta taiñ mongeltulem engu;por eso nuestra vida.\n ;
;tañi chawem kisu;su padre solo.\n ;
;tañi elkunungekem lilamu;que lo dejaron en el patio\n;
;kiñe ngem mayta tokafuy ;Había tocado un dueño\n;
;lay tañi chawem ;murió el que era mi padre\n;
;lay tañi lamuen em juanita pingefuy;murió la que era mi hermana que se llamaba Juanita\n;
;mongelepuy ñi peñiem finaw   nicola;allá estaba mi hermano el finado Nicolás, que aún estaba vivo\n;
;ñi chawem niekefuy anay ;Mi padre tenía, hombre.\n\n;
;feypilanu tañi lamuen em ;no me dijo la que era mi hermana.\n;
;rume küme machiem tañi lamuenengu nga ti;era muy buena machi mis dos hermanas pues\n;
;ta rume küme lawenem ta fey;era muy buen remedio ese.\n;
;tañi chawem ta müley pikey fey  pero mamüll ;mi finado padre también decía que había pero  palo\n;
;kim nütramkafuluem ;los que sabían conversar\n;
;feymuem ta pichi weyaletuy;por eso la situación es un poco grave\n;
;ketran fillem nieluam ;trigo, de todo tenía,\n;
;choyumniem feychi weda newen;lo tiene asa fuerza negativa.\n;
;tañi kude abuelitaem tati;mi vieja abuelita decía pues\n;
;tañi kudekuem ta fau rume femkanon;Mi vieja abuela, no fue mucho lo que le pasó\n;
;ka kiduem ta fellentual;para que ellos solos crean\n;
;iyagel iymuvuy em  pu;alimento comía pues.\n;
;tüva ñi chawem ka ;ahora mi finado padre también \n;
;fey ñi chawem yemekvuy ;eso mi finado padre había ido a buscar \n;
;todo rem chi che tañi chengen ;Todo .....................................\n;
;feykefuy ñi chawem ;decia mi padre\n;
;fey may feypikefuy  ñi chawem ;entonces decian mi dufunto padre\n;
;feypikefuy may ñi chawem ;decian mi padre\n;
;ñi chawem engu ;mis padres\n;
;ta che femngechi tremomenu ñi chawem tati ;la persona así cria mi padre pues\n;
; porque  ñi chawem fawmu tati ;porque mi padre de aquí pues\n;
;famuechikünungi tañi kukuem ;así quedaron mi abuela fallecida\n;
;tañi chawem fantenmu ;mi padre fallecio\n;
;ñi chawem matrimonio miawülu;mi padre que ahora fallecido libreta de matrimonio llevaba \n;
;ñi chawem rumeñma ;mi padre fallecido muchisimo,\n;
;fey tañi chawem tati;Eso era con mi padre pues \n;
;kam ñi chawem ;oh mi finado padre \n;
;spamayque elukiem ;más , y que le dieron \n;
;feyta kuyvi kutrani iñ chawem ;Entonces ante se enfermo nuestro finado padre \n;
;perdey ñi chawem ;se perdió mi finado padre \n;
;re fem rumelay che;Puro eso no pasa la gente.\n;
;spaporque kiduem ñi ñi ;porque su finado su....\n;
;iñche ta fey  iñche ta kuifi wes wes ngefun em ;así yo, yo antes era un loco\n;
;kuyfi ta putufengefun em ;antes yo era un tomador\n;
;vem chi ;Toda la\n;
;ka müli veyti pütrem ;también existe ese cigarrillo\n;
;iñche kay tañi chawem kay ;yo tambien, mi padre pues\n;
;doy trem chi che ka ;es una persona más crecida también.\n;
;spaosea doy pu trem chi che ;o sea los más adultos\n;
;inchekay feyta fem tokakakelan ;Yo no he tocado esto\n;
;nietu mülefuy em ;también hay nietos\n;
;fem feymu feymu;Por eso, por eso.\n ;
;awem kay;\n;
;ñi lawenem ñi pichi elaweni elpun ;mi pobre niño, mi  pequeño niño lo fui a dejar\n;
;guardakiyiñ pukem ta yagel ;guardamos para el invierno los alimentos.\n;
;ta rume weya pukem cough ;muy malo llega el invierno ;
;feleki müten pukem ;Así no más en invierno \n;
;ta fey weyaleketuyiñ pukem müten ;y siempre estamos más desocupados en invierno no más  \n;
;ka eymün kiñekemu kutraniem ;y ustedes alguno se enferman \n;
;fem kontuy pital ;al puro hospital entran \n;
;feyta ñi kintun nem ka na nay;ésta mí visión pues también entonces  \n;
;domongeayngün  wentrungeayem  ;puede ser mujer o hombre puede ser \n;
;kümeke lawenem ;los que eran buenos remedios.\n;
;fem foye lawen;Remedio de foye.\n;
;tem kutranmu rume ;de cualquier enfermedad\n;
;welu femngechi feypieiñmu taiñ chawem ;pero de esta manera me decía mi padre,\n;
;welu inchiñ ruem eluwkülepelaiñ ka tüfey ka ;Pero nosotros estamos muy entregados a eso.\n;
;fem fey ta yafkaletuyiñ diosmu;pues estamos mal antes Dios.\n;
;uhm fem pichike ina rupan;Alguno pude  percibir. \n ;
;tal pu ni mapu kisu ñi küdaufelem ;Tal como en su tierra trabaja solo\n;
;hm feytichi posiem chi ngüf willen;Eso que tienen orina fermentado\n;
;re trem kelay ta che peñi;así no más no crece la gente hermano\n;
;feyti püta wentru inchu inchu küme wentruem ;y ahí nosotros nos hicimos grandes hombres\n;
;ananten wekun feymu petu nünem chaw;me voy a sentar afuera no más, ahí todavía huelo padre\n;
;küme machiem kidu pu noise ;era buen machi ella pues\n;
;pütake abueluem tañi dungu;el asuntos de los antiguo abuelo\n;
;we trem ta inche pipelayelanam;soy joven recien lo he dicho\n;
;machikay ta gürem konün;la machi es como un tejido que entra \n;
;feyta pitrun pütrem ;así tambien el humop del cigarro\n;
;pukem tati peñi ;en el invierno hermano\n;
;trem pürayin ta kimiyin ta piren;desde que crecimos conocemos la nieve\n;
;veychi uh ka pukem ngi ;ese otro invierno pues\n;
;vey tüva nüfakiyin ta pukem  ;Pues ahora cazamos en el invierno\n;
;veyta pütra ilotulekiyin ta pukem ka;comemos harta carne en el invierno\n;
;pukem ume pütra ayiwünndungufel;en el Invierno era una cosa alegre\n;
;kutraniem tati  poblacion;se enfermaba la poblacion.\n;
;tañi fücha abuelituem puliwentu feyta;mi anciana abuelita dentro del amanecer por eso\n;
;feymu ta falintungelay lawenem ;por eso no se valora el remedio\n;
;ñi fütra abueluem ;mi finado abuelo\n;
;inayawlanu ta fem rume tuki ka ;Me anda siguiendo éste derrepente hace lo mismo. \n;
;ka nentukechi pütrem tati ;también lo saca y lo quema  pues \n;
;ta kulliem ko ka ngemey ;pues Culliem agua también fue haber \n;
;vey chewpüle ruem amuy tati ;entonces en cualquier parte va pues \n;
;kiñe pütrem pütremküngele;Un cigarro, si lo fuma.\n;
;kümelkaleyiñ pukem müten ;ojála que estemos bien en el invierno \n;
;fey llemay ka chumngechi utrekeyiñ pukem ;Eso es también cómo se cae en el invierno\n;
; si fem  despues wüla rupan kutrankawün ;Si después pase de lo tanto del sufrimiento\n;
;ñi chawem ñukeem ka;mi padre, mi madre \n;
;tañi chawem ngemi tüfi kiñe lamngen kidulewelu ;mi padre fue donde una hermana que se encuentra sola.\n;
;tañi paluem machiürke ;mi tía era machi.\n;
;nielu ñi lamngen ñi chawem ;como tenía su hermana mi padre\n;
;tañi paluem fey ülütuenu pürüm ;mi tía ahí me masajeó.\n;
;nütramtuyu pürüm tañi paluem ;conversamos con mi tía\n;
;fem femuechi tueyu tañi tiychi  ;de esta forma lo tomó este\n;
;feyta tañi chawem uh rume fentren familia niy;mi padre tenía una familia muy grande\n;
;fey machituan pi tañi chawem ;por eso mi padre dijo que me harían un machitun\n;
;nütram elmenu nütram tañi paluem ;me dejó conversado, me dio conversación mi tía\n;
;feypiki tañi nütram tañi paluem machi ;Eso dijo mi tía machi en su conversación.\n;
;miawlngen mankakiawlenu ñi paluem ;me subió al anca mi tía.\n;
;ñi  fotijamu ñi paluem ngillalmenu ta tüfachi lawen ;en la farmacia mi tía me compró este remedio\n;
;tachi wentruem feyta üytukunuy ;a este hombre mencionó.\n;
;femuechi mongelenu tañi paluem ;De esa forma me sanó mi tía\n;
;fey tañi chawem kuyfi spaperdey uh ;mi padre hace tiempo que falleció\n;
;fey fentekünü amuy tañi chawem ;Tenía esa edad cuando falleció mi padre.\n;
;küla tripantu wünenngefuy tañi chawem ;Era tres años mayor que mi padre. \n;
;feyta ordenanengeluürke fem müli tati  ;pero todo esto tiene un orden, así está.\n;
;vem aftuki ;Así se termina.\n;
;kom noise kom pukem ;Todo... todo el invierno\n;
;tachi rupachi pukem ;este invierno que acaba de pasar\n;
;ta weychalu tachi pu wünenkülefuluem ;pelearon los que estaban al mando\n;
; ñukem che kimpun ;lo que le pasó a mi madre lo fui a saber\n;
;fey wardangeketuy noise  pukem sakumu;y despues se guarda en saco para el invierno\n;
;wechawentruleluem chau;estaba en condiciones totalmente negativo\n;
;pütrem  vicio rume ;ni siquiera de cigarro, \n;
;awem feytichi foye lamngen ;Se esta acabando el canelo hermana\n;
;rem re ye tukukenew inche;no me dieron eso a mi.\n;
;awem tüfey mamüll lawen reke ;Así es este como remedio de palo\n;
;awem tüfey rume küme lawen erke ;Así este es un muy buen remedio \n;
;awem fey fey fey tüfi nawkülepalu chi komu ;Así es, sí, sí este se trae de abajo del agua\n;
;awem feyti fey mamüll lawen ;Así es este es palo remedio.\n;
;awem lamngen ;Así es hermana \n\n;
;kutraniem che fey pingeki;la gente que tiene enfermedad así dicen.\n;
; todo  eso  fey fem fem rumen ;todo eso eso me, me pasó de repente\n;
;fem llemaytttttttttt;Así es\n;
;fentren küme mongenem ttt;bastante estan bueno \n;
;ngüvüllulelu inche ñi aweluem noise;Lo que estan con tranca de orina mi abuelo \n;
;pelotuenu kiñe ñaduem pilafun gitanu llükakefiñ;Me vió una cuñada no quería, a la gitana le tenía miedo.\n;
;petu ñi mülen lawen chewem am ;Que  todavía hay remedio ........... \n;
;fey fem feyta ;Este todos estos\n;
;wenu petrem manewi tati ;......................\n;
;tüfaem müna weda umautuki kiñeke ;estos que duermen mucho a veces\n;
;  si chieli pütrem pütremmu amuaymi ;si tengo cigarro, con cigarro irás\n;
;kuyfi tañi chawem ;antes, mi difunto padre\n;
;tañi iñche tañi chawem ta;mi, mi difunto padre pues,\n;
;mariano rosa pingefuy tañi chawem ;Mariano Rosa se llamaba mi difunto padre\n;
;tüfachi mapumeu iñche tañi chawem ta feypikey ;en estas tierras, decía mi difunto padre,\n;
;kidu ta kimpay tañi chawem p;él conoció, mi difunto padre,\n;
;kidu ta kimpay tañi chawem doy;él conoció más, mi difunto padre\n;
;kimpay tañi chawem doy pataka tripantumu ;mi difunto padre conoció por más de cien años\n;
;kidu ta kimpay tañi chawem ;él conoció mi difunto padre,\n;
;fey tañi chawem yom feypikeyu;y su padre se lo decía\n;
;pingey tañi chawem tatüfameu;decía mi difunto padre aquí\n;
;tati pütrem ka tati p ka tati ;este cigarro ese pues ese\n;
;fey kutranfunem ;y me había enfermado pués \n;
;ti unenkülelu ka kom fey pichike felpielem fey;ese que es mayor debería encargarse de decirle a los niños\n;
;antiku machiem ;era una machi antigua.\n;
;kom fem trekalekonle ürfiay  pu ;todo si entra caminando se ahogara pues\n;
;feychi ruem weya kutranün pipevun;necesito eso por mi mala enfermedad les dije\n;
;amupevunem feymu;había ido para eso\n;
;rapi mollfüñem ;vomité sangre.\n;
;tañi feychi spadolor ta niekelavunem ;ese mi dolor no lo tenía\n;
;amulnekavunem ;apenas si lo estoy llevando\n;
;feymu ta fem nagtun;por eso me arrepentí\n;
;tañi chawem niyi;Y mí padre tenía \n;
;fey tañi chawem kay;Y el que era mí padre\n;
;fem felu ngepelay  ;De hacerlo así no hubo.\n;
;uh kiñekemu kutraniem foro;Algunas veces me duele la dentadura \n;
;pütrem reke chumngechi pütremtukukey;como cigarro, como si  fumara \n;
;re chenuam iñchiñ   peñi fem femüy ;solo persona somos nosotros hermano así es\n;
;noise ka che yagem tati kümi piki;Otra gente yagen ese es buen dice.\n ;
;ürem mamüllmu che;la madera húmeda la gente,\n;
;alütukevuy mongem che pingi;muchos años vivía la gente dicen.\n;
;ta nietuvuiñ ta tüveyvem ;ahora he tenido a esos\n;
;inche inche tañi chawem ;mi...mi finado padre\n;
;ta veyta vem ta kimnievuy ;ahora esto se sabe todo\n;
;vey ñi chawem ;y mi finado padre\n;
;vem ta pichin ;todo un poco\n;
;vam  ngüpem am  tati peñi ;\n;
;vem ta pichin ta ayentututuy ;todo un poco \n;
;vem tripaki ;todo sale\n\n;
;vem tripaki ta kiñe ;todo sale un poco\n;
;vem tripaki ta kiñe chacha ;todo sale un abuelo\n;
;weketrem ta ta;los nuevos que han crecido ahora.\n;
;welu pichikeche pukem miawi ;pero los niños en tiempo de lluvias andan\n;
;fücha kutraniem che pewetulay ;tienen una gran enfermedad la gente ya no encuentran\n\n;
;fey miawkefuy ñi ñukeem ngillay ;eso andaba y la fue mi mamá compro ;
;shem duam ngelay tati ;Que no lo quieren pues.\n;
;abueluem ta ka turkefuy funa ;abuelo entonces también se sana \n;
;ta elungi chi incheñi ñukeem ;Esta le dieron la que era mi madre;
;chew katrüle fem tukungi tati ;donde se corto asi lo colocan pues\n;
;namun nem ;lo que son los pies;
;kiñ chawem tüfa fücha ;mi Padre que era anciano\n;
;fem ñamkületuy ngewelay ta lawen;Asi esta desaparecido  ya no hay remedio\n;
;uh trürem kelafuy che;no  eran para que la gente lo iguale\n;
;pütakechey em feymew tremün abuelumu ;los ancianos por eso me críe donde el abuelo\n;
;wingka ial ta falilay pikefuy pütakecheem ;comida huinca no es valido decía los ancianos\n;
;feli ka lauem feli ka ta ka kaletulu ;Es así pues hermano es así pues esta diferent;
;pikefuy pütakecheem moyolngi feymu ;decían los ancianos le daban leche ahí\n;
;iñche feypikefenu ñi pütakecheem ;a mí me decía mis ancianos;
;may rume umawtufem noise;Sí dormia mucho\n;
;afi iñche afkentu kintumekevunem ;Se acabo yo iba mucho a buscar\n;
;kimdewmallefinem ;Yo lo se preparar\n;
;noise feyta ialem ta kuyfi noise ;tambien comida antes\n;
;fem femle femi müten ;Sera asi asi no mas\n;
;noise feyti longko kutraniem ;esa enfermedad de la cabeza\n;
;aftukefuy kutran mekevuy ñi abuelaem ;Se acaba la enfermedad mi abuela era curiosa\n;
;watronentuy fem entukunuy müten ;lo quebro y saco asi lo dejo sacado no mas\n;
;spamucha spavece tutealu  tuteafuluem ;muchas veves le puede hacer bien atrevece no lo hace bien\n;
;finawem dungumu ;asunto del finado\n;
;finawem katrütuenu ;el fina o me hizo que no fuera\n;
;kümelkafunem pu ;Yo lo hice bien pues\n;
;ganameafunem pu ;iria a ganar pues\n;
;kanavunem spapero eluñmalanu iñ finawem ;\n;
;müñanagmeki tañi vem tañi kalül ;estaba debil mi asi era mi cuerpo.\n;
;inche ta kim rupan tañi abueluem ;yo  se pasar con mi abuelo \n;
;pikefuiñ ñi abueluem ;decían  nuestro abuelo\n;
;pifiñ domingo finaw domingo em ;decía Domingo finado Domingo \n;
;throatfeychi pütrem tukelu may;Ese cigarro tomarlo si\n;
;feyta ahpienu tachi kude machiem ;entonces eso me dijo esta anciana finada machi \n;
;  no piafiel yewefunem ;para decirle no me dio vergüenza \n;
;fey ñi feypinmatu ñi foro mallem kay noise;hay me lo dijo mi hueso tío paterno  pues \n;
;fem llimay chaw femlli ;Así es padre así es \n;
;ngillatuem fanteñma rume  ;hago ngillatun hasta hora \n;
;rume kutraniem lonko;para el dolor de cabeza\n;
;kuyfimu feyti ñi kuyfi paluem llemay;por ejemplo esa mi antigua tía\n;
;fem pasi lelinetukefin pu;eso vino hacer y yo lo observaba pues\n;
;fey ñi chawem engu ;con mi padre;
;inarumen pitalmu puwülenew ñi chawem ;seguí por sea el caso, mi padre me llevó hasta el hospital\n;
;awelaem pilewetuken feula may;la que era mi abuela digo ahora\n;
;fey incheñ chawem ka üllkükefuy pu;y el que era mi padre también escuchaba pues.\n;
;feychi inche ñi chaweluem ;y ese era mi pobre abuelo\n;
;amedia ki ñi chawem ;tomaba a media el que era mi padre\n;
;ñi awütuy ñi chawem ;la alegría de mi  padre\n;
;ñi chawem ka feypikefuy ñi ñuke;mi padre también contaba mi madre.\n;
;kuyfi ngañi chi aweluem ;antes el que era mi abuelo\n;
;fem chi kon niefin ;que lo tengo todos \n;
;veyta fem kümelingün tati ;entonces están bien pues \n;
;kimfuyem lawen ;sabia si remedio \n;
;veymu mongeltungekevuy ñi chawem ;ahí se recuperaba mi finado padre \n;
;küme veyngevuy em pu ;mucho eso era pues \n;
;vem chey tüvi ;le hizo eso la gente \n;
;tañi wekufü tañi agueluem ;el diablo, su finado abuelo.\n;
;uficha amediay ñi chauem ;pidió ovejas en media mi finado padre,\n;
;vez kulliñ niekefun kulliñ trawümkillem ;vez animales tenía animales los juntaba, \n;
;mülekefuy ñi povre chauem ;había estado mi pobre padre. \n;
;coughpütrem femkünueneu ;el cigarro me dejo así \n;
; si  tiene pütrem pütremafimi ;si tienes cigarro con eso lo espanta,\n;
;ñi chauem mongeli petu may ;mi  padre estaba vivo todavía claro, \n;
;tañi perdenmu tañi finawem ;cuando perdí a mi finado.\n;
; sí feyta ñi wetruem ;Sí este mi hombre\n;
;feyti mallem uh eymi;Y aquel tío suyo \n;
;feula ta tofillem kutran ta müley ;Ahora hay distintos tipos de enfermedades\n;
;tofillem  liwen elukefiñ;todas las  mañanas les doy,\n;
;müley kampumu tofillem lawen;hay en el campo diversos remedios.\n;
;tofillem lawen kiñe  tetera;Una tetera de diversos remedios\n;
;tofillem lawen müley;hay diversos remedios.\n;
;tofillem  kutran  mülelukay;para  las diversas  enfermedades que  existen.\n;
;fey fem lawentukefiyiñ ta iñchiñ ;entonces todo tipo de remedio aplicamos nosotros\n;
;tofillem kutran ;toda clase de  enfermedades \n;
;tofillem filu mülelu kampumukay ;como hay diferentes tipos de culebra en el campo,  \n;
;tofillem lawen nielu iñche ñi rukamu ;como tengo diversos remedios en mi casa\n;
;ta fem rumelay ;así no más no pasaban, \n;
;akuketuy pukem ta ;Vuelven a llegar en invierno\n;
;feyta felekanoluem iñchiñ;si de esa forma no estamos nosotros.\n;
;feymu fey peñi uh p kütraniem eymün ;es por eso hermano que tenemos enfermo \n;
;mülelu pu lamngem kimüupuafuy ka ;las hermanas que hay aprenderían también \n;
;feyta pingekefunem tati;eso me decian pues.\t\n;
;ñi chawem tttttttttt;mi padre\n;
;tañi peñi chawem tttttttt;los hermanos, el papá,\n;
;nüan ta mapu feyta piwüyu feyta fem ;agarraré la tierra, eso le dijé, eso hizo\n\n;
;ñomkawelluem tiyipüle;amansé caballos por ahí\n;
;eymün tüfamu pukem ;ustedes aquí en tiempo de lluvias\n;
;kimpan ñi chawem ;conocí la era mi padre\n;
;tüfa tañi küdawem tiürke rumel;éste era mi trabajo allá siempre.\n;
;pulu miem ka;\n;
;wente piem tripay;\n;
;fey amuen pukem ;mientras más avanza el invierno \n;
;fem patillamu mulay pikingün ;con esa pastilla no hace nada dicen ellos\n;
;dew perdey tañi chawem ;cuando ya se había perdido mi finado padre\n;
;kafem tukungi deyutufi chi lawen engu ;ese tro tambien lo coloco el remedio ;
;kiñe feyta kutranchengi doy ta chi mülepulu üyiw ta trawümkillem ;solo uno el que vive allá en trawünkillen,\n;
;fey feypienu chi füta wentruem ;si él me dijo viejo hombre\n;
;kurengetulu ñi chawem ;cuando se caso mi padre\n;
;kechu wentru wem nengün ta tüva;cinco hombres tengo ahora\n;
;kimüymalayu chgem kutran ngen;no le encontro ninguna enfermedad.\n ;
;inche ñi chawem faltay ;mi padre le falto\n;
;uh konpuken anay feytañi chawem tañi;Entro pues este mi finado padre mi.;
;tamuem spacelular;también celular?.\n;
;fey pukem ;y en el invierno\n;
;ka wüniem ;y también de amanecida\n;
;fem tripaki pukem ;así salen en el invierno\n;
;inche fem femkimneken;yo así lo he sabido\n;
;fem femluchi chaw  ;Eso, eso paso padre.\n;
;kimpakevuy tañi fücha chawem ;Había alcazado a  conocer  mi viejo padre\n;
;ka noise vey servikevuyiñ ñi chawem ;y en eso les servíamos también a nuestro padre\n;
;femngechi kimpay ñi chawem ;así vino a saber  mi padre\n;
;rumemum fey anta kidu ta vem rumelay tati;por mucho que sea, ella no creo que se haya hecho eso.\n;
;kidu ta vem rumelay tati;Ella sola no pudo hacerlo pues\n;
