;Emoji;Cantidad;Muestra
0;[eggplant];21;ğŸ†
1;[pinched_fingers];96;ğŸ¤Œ
2;[folded_hands_light_skin_tone];107;ğŸ™ğŸ»
3;[man_facepalming_light_skin_tone];737;ğŸ¤¦ğŸ»â€â™‚ï¸
4;[fish];211;ğŸŸ
5;[zany_face];373;ğŸ¤ª
6;[face_with_tears_of_joy];10461;ğŸ˜‚
7;[face_with_open_mouth];54;ğŸ˜®
8;[blue_circle];407;ğŸ”µ
9;[pile_of_poo];1941;ğŸ’©
10;[face_holding_back_tears];166;ğŸ¥¹
11;[handshake];72;ğŸ¤
12;[euro_banknote];5;ğŸ’¶
13;[backhand_index_pointing_right_light_skin_tone];110;ğŸ‘‰ğŸ»
14;[cross_mark];385;âŒ
15;[rolling_on_the_floor_laughing];15912;ğŸ¤£
16;[grimacing_face];436;ğŸ˜¬
17;[face_without_mouth];52;ğŸ˜¶
18;[clapping_hands];4430;ğŸ‘
19;[winking_face];1258;ğŸ˜‰
20;[backhand_index_pointing_down_light_skin_tone];342;ğŸ‘‡ğŸ»
21;[face_with_rolling_eyes];1448;ğŸ™„
22;[thinking_face];2237;ğŸ¤”
23;[grinning_face_with_sweat];1325;ğŸ˜…
24;[bell];41;ğŸ””
25;[deciduous_tree];1950;ğŸŒ³
26;[mushroom];366;ğŸ„
27;[smiling_face_with_tear];150;ğŸ¥²
28;[Chile];26138;ğŸ‡¨ğŸ‡±
29;[round_pushpin];447;ğŸ“
30;[writing_hand];464;âœï¸
31;[loudly_crying_face];584;ğŸ˜­
32;[speaker_high_volume];47;ğŸ”Š
33;[confused_face];42;ğŸ˜•
34;[man_shrugging_light_skin_tone];568;ğŸ¤·ğŸ»â€â™‚ï¸
35;[face_with_steam_from_nose];103;ğŸ˜¤
36;[angry_face];206;ğŸ˜ 
37;[clown_face];3897;ğŸ¤¡
38;[red_heart];3781;â¤ï¸
39;[pushpin];389;ğŸ“Œ
40;[heart_exclamation];77;â£ï¸
41;[face_vomiting];1614;ğŸ¤®
42;[smiling_face_with_halo];84;ğŸ˜‡
43;[keycap_4];29;4ï¸âƒ£
44;[keycap_5];21;5ï¸âƒ£
45;[check_mark_button];1175;âœ…
46;[thumbs_down];306;ğŸ‘
47;[pouting_face];1433;ğŸ˜¡
48;[woman_raising_hand];142;ğŸ™‹â€â™€ï¸
49;[woman_facepalming];544;ğŸ¤¦â€â™€ï¸
50;[money_bag];224;ğŸ’°
51;[alien];51;ğŸ‘½
52;[woman_facepalming_light_skin_tone];543;ğŸ¤¦ğŸ»â€â™€ï¸
53;[folded_hands];790;ğŸ™
54;[red_circle];1942;ğŸ”´
55;[waving_hand];484;ğŸ‘‹
56;[smiling_face_with_smiling_eyes];608;ğŸ˜Š
57;[man_raising_hand_light_skin_tone];37;ğŸ™‹ğŸ»â€â™‚ï¸
58;[grinning_squinting_face];852;ğŸ˜†
59;[sunflower];278;ğŸŒ»
60;[rainbow];393;ğŸŒˆ
61;[small_airplane];2;ğŸ›©ï¸
62;[Argentina];74;ğŸ‡¦ğŸ‡·
63;[raising_hands];571;ğŸ™Œ
64;[kissing_face_with_closed_eyes];21;ğŸ˜š
65;[flexed_biceps];4072;ğŸ’ª
66;[winking_face_with_tongue];300;ğŸ˜œ
67;[lying_face];250;ğŸ¤¥
68;[face_with_spiral_eyes];148;ğŸ˜µâ€ğŸ’«
69;[woozy_face];283;ğŸ¥´
70;[pinching_hand_light_skin_tone];7;ğŸ¤ğŸ»
71;[OK_hand_medium_skin_tone];28;ğŸ‘ŒğŸ½
72;[studio_microphone];579;ğŸ™ï¸
73;[thumbs_up];3195;ğŸ‘
74;[face_with_raised_eyebrow];221;ğŸ¤¨
75;[middle_finger_light_skin_tone];27;ğŸ–•ğŸ»
76;[smiling_face_with_open_hands];540;ğŸ¤—
77;[rat];164;ğŸ€
78;[man_facepalming];895;ğŸ¤¦â€â™‚ï¸
79;[person_facepalming];828;ğŸ¤¦
80;[bar_chart];76;ğŸ“Š
81;[link];127;ğŸ”—
82;[right_arrow_curving_down];63;â¤µï¸
83;[slightly_smiling_face];195;ğŸ™‚
84;[right_arrow];754;â¡ï¸
85;[backhand_index_pointing_down];3459;ğŸ‘‡
86;[face_blowing_a_kiss];394;ğŸ˜˜
87;[victory_hand];435;âœŒï¸
88;[triangular_flag];89;ğŸš©
89;[recycling_symbol];22;â™»ï¸
90;[shark];5;ğŸ¦ˆ
91;[eye];346;ğŸ‘ï¸
92;[heart_suit];810;â™¥ï¸
93;[grinning_face];322;ğŸ˜€
94;[hot_pepper];869;ğŸŒ¶ï¸
95;[double_exclamation_mark];1174;â€¼ï¸
96;[circus_tent];114;ğŸª
97;[thumbs_up_light_skin_tone];264;ğŸ‘ğŸ»
98;[sneezing_face];22;ğŸ¤§
99;[disappointed_face];121;ğŸ˜
100;[sad_but_relieved_face];81;ğŸ˜¥
101;[nauseated_face];398;ğŸ¤¢
102;[eyes];745;ğŸ‘€
103;[face_with_diagonal_mouth];30;ğŸ«¤
104;[smiling_face_with_hearts];968;ğŸ¥°
105;[headphone];190;ğŸ§
106;[megaphone];326;ğŸ“£
107;[face_with_symbols_on_mouth];708;ğŸ¤¬
108;[up_arrow];52;â¬†ï¸
109;[down_arrow];421;â¬‡ï¸
110;[chart_decreasing];54;ğŸ“‰
111;[chart_increasing];73;ğŸ“ˆ
112;[beaming_face_with_smiling_eyes];953;ğŸ˜
113;[grinning_face_with_smiling_eyes];415;ğŸ˜„
114;[pensive_face];245;ğŸ˜”
115;[bomb];53;ğŸ’£
116;[stopwatch];40;â±ï¸
117;[police_car_light];549;ğŸš¨
118;[old_woman];10;ğŸ‘µ
119;[skull_and_crossbones];102;â˜ ï¸
120;[coffin];32;âš°ï¸
121;[face_with_thermometer];2;ğŸ¤’
122;[pleading_face];236;ğŸ¥º
123;[mosquito];1;ğŸ¦Ÿ
124;[weary_face];156;ğŸ˜©
125;[flushed_face];280;ğŸ˜³
126;[smiling_face];297;â˜ºï¸
127;[Ukraine];14;ğŸ‡ºğŸ‡¦
128;[crying_face];124;ğŸ˜¢
129;[expressionless_face];97;ğŸ˜‘
130;[rose];210;ğŸŒ¹
131;[yellow_circle];58;ğŸŸ¡
132;[green_circle];174;ğŸŸ¢
133;[blue_book];232;ğŸ“˜
134;[man_shrugging_medium_skin_tone];129;ğŸ¤·ğŸ½â€â™‚ï¸
135;[black_circle];29;âš«
136;[white_circle];159;âšª
137;[ballot_box_with_ballot];971;ğŸ—³ï¸
138;[anger_symbol];4;ğŸ’¢
139;[television];455;ğŸ“º
140;[face_savoring_food];79;ğŸ˜‹
141;[unamused_face];217;ğŸ˜’
142;[person_shrugging];325;ğŸ¤·
143;[black_small_square];49;â–ªï¸
144;[ghost];46;ğŸ‘»
145;[collision];155;ğŸ’¥
146;[orange_circle];144;ğŸŸ 
147;[telephone_receiver];6;ğŸ“
148;[backhand_index_pointing_right];1498;ğŸ‘‰
149;[rainbow_flag];125;ğŸ³ï¸â€ğŸŒˆ
150;[broccoli];30;ğŸ¥¦
151;[pill];13;ğŸ’Š
152;[green_heart];535;ğŸ’š
153;[musical_note];182;ğŸµ
154;[face_with_monocle];350;ğŸ§
155;[relieved_face];312;ğŸ˜Œ
156;[index_pointing_up];240;â˜ï¸
157;[sparkling_heart];262;ğŸ’–
158;[baby];15;ğŸ‘¶
159;[man];7;ğŸ‘¨
160;[check_mark];244;âœ”ï¸
161;[woman_shrugging_light_skin_tone];289;ğŸ¤·ğŸ»â€â™€ï¸
162;[China];12;ğŸ‡¨ğŸ‡³
163;[face_screaming_in_fear];464;ğŸ˜±
164;[anxious_face_with_sweat];51;ğŸ˜°
165;[OK_hand_light_skin_tone];127;ğŸ‘ŒğŸ»
166;[nose];3;ğŸ‘ƒ
167;[OK_hand];639;ğŸ‘Œ
168;[waving_hand_light_skin_tone];20;ğŸ‘‹ğŸ»
169;[grinning_face_with_big_eyes];309;ğŸ˜ƒ
170;[film_projector];43;ğŸ“½ï¸
171;[flexed_biceps_light_skin_tone];414;ğŸ’ªğŸ»
172;[raised_fist];1221;âœŠ
173;[fire];694;ğŸ”¥
174;[red_question_mark];178;â“
175;[face_with_hand_over_mouth];902;ğŸ¤­
176;[pen];23;ğŸ–Šï¸
177;[laptop];102;ğŸ’»
178;[thread];247;ğŸ§µ
179;[index_pointing_up_light_skin_tone];30;â˜ğŸ»
180;[broken_heart];108;ğŸ’”
181;[cat];24;ğŸˆ
182;[rabbit];10;ğŸ‡
183;[backhand_index_pointing_left];66;ğŸ‘ˆ
184;[smirking_face];306;ğŸ˜
185;[man_shrugging];460;ğŸ¤·â€â™‚ï¸
186;[keycap_2];46;2ï¸âƒ£
187;[small_blue_diamond];219;ğŸ”¹
188;[ogre];55;ğŸ‘¹
189;[sparkles];742;âœ¨
190;[astonished_face];81;ğŸ˜²
191;[dragon];6;ğŸ‰
192;[white_heart];79;ğŸ¤
193;[backhand_index_pointing_down_medium_skin_tone];228;ğŸ‘‡ğŸ½
194;[partying_face];222;ğŸ¥³
195;[mouse_face];15;ğŸ­
196;[persevering_face];23;ğŸ˜£
197;[raising_hands_light_skin_tone];197;ğŸ™ŒğŸ»
198;[face_with_open_eyes_and_hand_over_mouth];60;ğŸ«¢
199;[musical_notes];568;ğŸ¶
200;[newspaper];134;ğŸ“°
201;[speech_balloon];104;ğŸ’¬
202;[magnifying_glass_tilted_left];55;ğŸ”
203;[dollar_banknote];65;ğŸ’µ
204;[MERCADO];1;[MERCADO]
205;[soccer_ball];66;âš½
206;[smiling_face_with_sunglasses];669;ğŸ˜
207;[performing_arts];24;ğŸ­
208;[exploding_head];107;ğŸ¤¯
209;[globe_showing_Americas];148;ğŸŒ
210;[confounded_face];86;ğŸ˜–
211;[oncoming_fist];439;ğŸ‘Š
212;[blue_heart];248;ğŸ’™
213;[frowning_face];45;â˜¹ï¸
214;[woman_dancing];102;ğŸ’ƒ
215;[person_facepalming_light_skin_tone];158;ğŸ¤¦ğŸ»
216;[brain];89;ğŸ§ 
217;[melting_face];140;ğŸ« 
218;[syringe];35;ğŸ’‰
219;[pencil];76;âœï¸
220;[palm_tree];6;ğŸŒ´
221;[satellite_antenna];239;ğŸ“¡
222;[Russia];12;ğŸ‡·ğŸ‡º
223;[woman_raising_hand_light_skin_tone];76;ğŸ™‹ğŸ»â€â™€ï¸
224;[middle_finger];140;ğŸ–•
225;[raised_fist_medium_skin_tone];227;âœŠğŸ½
226;[hundred_points];341;ğŸ’¯
227;[neutral_face];87;ğŸ˜
228;[wine_glass];49;ğŸ·
229;[money_with_wings];57;ğŸ’¸
230;[yawning_face];88;ğŸ¥±
231;[spiral_shell];9;ğŸš
232;[crossed_swords];16;âš”ï¸
233;[hot_beverage];139;â˜•
234;[exclamation_question_mark];88;â‰ï¸
235;[man_raising_hand];56;ğŸ™‹â€â™‚ï¸
236;[red_exclamation_mark];215;â—
237;[clapping_hands_light_skin_tone];651;ğŸ‘ğŸ»
238;[loudspeaker];461;ğŸ“¢
239;[heart_hands];106;ğŸ«¶
240;[Italy];10;ğŸ‡®ğŸ‡¹
241;[Spain];21;ğŸ‡ªğŸ‡¸
242;[Venezuela];93;ğŸ‡»ğŸ‡ª
243;[Colombia];43;ğŸ‡¨ğŸ‡´
244;[angry_face_with_horns];45;ğŸ‘¿
245;[monkey];82;ğŸ’
246;[person_gesturing_OK];14;ğŸ™†
247;[Cuba];43;ğŸ‡¨ğŸ‡º
248;[man_facepalming_medium_skin_tone];111;ğŸ¤¦ğŸ½â€â™‚ï¸
249;[speaking_head];259;ğŸ—£ï¸
250;[watch];89;âŒš
251;[1st_place_medal];6;ğŸ¥‡
252;[graduation_cap];5;ğŸ“
253;[minus];26;â–
254;[axe];224;ğŸª“
255;[worried_face];30;ğŸ˜Ÿ
256;[hand_with_fingers_splayed_light_skin_tone];42;ğŸ–ğŸ»
257;[pinched_fingers_light_skin_tone];22;ğŸ¤ŒğŸ»
258;[place_of_worship];8;ğŸ›
259;[raised_hand];20;âœ‹
260;[United_Kingdom];7;ğŸ‡¬ğŸ‡§
261;[United_States];57;ğŸ‡ºğŸ‡¸
262;[purple_circle];119;ğŸŸ£
263;[elephant];1;ğŸ˜
264;[movie_camera];141;ğŸ¥
265;[Audio];71;[Audio]
266;[beating_heart];55;ğŸ’“
267;[radio];250;ğŸ“»
268;[trumpet];16;ğŸº
269;[drum];24;ğŸ¥
270;[violin];4;ğŸ»
271;[play_button];209;â–¶ï¸
272;[yellow_heart];170;ğŸ’›
273;[cup_with_straw];3;ğŸ¥¤
274;[coconut];2;ğŸ¥¥
275;[man_swimming];1;ğŸŠâ€â™‚ï¸
276;[desert_island];3;ğŸï¸
277;[Statue_of_Liberty];20;ğŸ—½
278;[department_store];2;ğŸ¬
279;[tulip];77;ğŸŒ·
280;[bouquet];46;ğŸ’
281;[no_one_under_eighteen];5;ğŸ”
282;[person_facepalming_medium_skin_tone];52;ğŸ¤¦ğŸ½
283;[mage];4;ğŸ§™
284;[backhand_index_pointing_up];64;ğŸ‘†
285;[backhand_index_pointing_left_light_skin_tone];14;ğŸ‘ˆğŸ»
286;[church];10;â›ª
287;[squinting_face_with_tongue];233;ğŸ˜
288;[black_heart];68;ğŸ–¤
289;[snake];24;ğŸ
290;[oncoming_fist_light_skin_tone];44;ğŸ‘ŠğŸ»
291;[peach];24;ğŸ‘
292;[seedling];233;ğŸŒ±
293;[bookmark_tabs];18;ğŸ“‘
294;[cat_face];58;ğŸ±
295;[warning];224;âš ï¸
296;[victory_hand_medium_skin_tone];20;âœŒğŸ½
297;[raised_fist_light_skin_tone];201;âœŠğŸ»
298;[Entrevista];29;[Entrevista]
299;[paw_prints];51;ğŸ¾
300;[woman_getting_massage_medium_skin_tone];4;ğŸ’†ğŸ½â€â™€ï¸
301;[old_man];7;ğŸ‘´
302;[woman_facepalming_medium_skin_tone];91;ğŸ¤¦ğŸ½â€â™€ï¸
303;[man_dancing];29;ğŸ•º
304;[women_with_bunny_ears];2;ğŸ‘¯â€â™€ï¸
305;[saxophone];11;ğŸ·
306;[guitar];21;ğŸ¸
307;[woman_shrugging];253;ğŸ¤·â€â™€ï¸
308;[globe_with_meridians];114;ğŸŒ
309;[man_gesturing_OK];2;ğŸ™†â€â™‚ï¸
310;[cold_face];32;ğŸ¥¶
311;[cucumber];19;ğŸ¥’
312;[locked];33;ğŸ”’
313;[CONFIDENCIAL];5;[CONFIDENCIAL]
314;[large_blue_diamond];16;ğŸ”·
315;[person_raising_hand];47;ğŸ™‹
316;[cactus];28;ğŸŒµ
317;[french_fries];5;ğŸŸ
318;[linked_paperclips];7;ğŸ–‡ï¸
319;[fountain];32;â›²
320;[smiling_face_with_horns];81;ğŸ˜ˆ
321;[person_tipping_hand];6;ğŸ’
322;[sign_of_the_horns];206;ğŸ¤˜
323;[stop_sign];110;ğŸ›‘
324;[Brazil];44;ğŸ‡§ğŸ‡·
325;[hollow_red_circle];124;â­•
326;[Peru];154;ğŸ‡µğŸ‡ª
327;[woman_shrugging_medium_skin_tone];38;ğŸ¤·ğŸ½â€â™€ï¸
328;[prohibited];54;ğŸš«
329;[popcorn];24;ğŸ¿
330;[heart_hands_light_skin_tone];65;ğŸ«¶ğŸ»
331;[Iran];8;ğŸ‡®ğŸ‡·
332;[face_exhaling];33;ğŸ˜®â€ğŸ’¨
333;[left_speech_bubble];9;ğŸ—¨ï¸
334;[victory_hand_light_skin_tone];77;âœŒğŸ»
335;[large_orange_diamond];43;ğŸ”¶
336;[nail_polish];51;ğŸ’…
337;[saluting_face];40;ğŸ«¡
338;[robot];91;ğŸ¤–
339;[star_of_David];2;âœ¡ï¸
340;[Cape_Verde];1;ğŸ‡¨ğŸ‡»
341;[ledger];7;ğŸ“’
342;[heavy_dollar_sign];13;ğŸ’²
343;[currency_exchange];2;ğŸ’±
344;[thumbs_down_light_skin_tone];55;ğŸ‘ğŸ»
345;[hot_springs];9;â™¨ï¸
346;[cyclone];7;ğŸŒ€
347;[balance_scale];136;âš–ï¸
348;[OK_button];2;ğŸ†—
349;[clapping_hands_medium_skin_tone];138;ğŸ‘ğŸ½
350;[party_popper];162;ğŸ‰
351;[purple_heart];1054;ğŸ’œ
352;[diamond_suit];37;â™¦ï¸
353;[downwards_button];40;ğŸ”½
354;[banana];5;ğŸŒ
355;[right_anger_bubble];10;ğŸ—¯ï¸
356;[Ecuador];14;ğŸ‡ªğŸ‡¨
357;[goal_net];2;ğŸ¥…
358;[sleepy_face];89;ğŸ˜ª
359;[Mexico];32;ğŸ‡²ğŸ‡½
360;[skull];106;ğŸ’€
361;[page_with_curl];41;ğŸ“ƒ
362;[spider];35;ğŸ•·ï¸
363;[woman_detective];2;ğŸ•µï¸â€â™€ï¸
364;[small_orange_diamond];79;ğŸ”¸
365;[copyright];14;Â©ï¸
366;[pig_nose];11;ğŸ½
367;[handshake_medium_skin_tone];3;ğŸ¤ğŸ½
368;[pear];152;ğŸ
369;[red_apple];109;ğŸ
370;[peacock];20;ğŸ¦š
371;[red_triangle_pointed_down];34;ğŸ”»
372;[tired_face];56;ğŸ˜«
373;[sun];129;â˜€ï¸
374;[family];11;ğŸ‘ª
375;[shushing_face];148;ğŸ¤«
376;[open_hands];7;ğŸ‘
377;[raising_hands_medium_skin_tone];67;ğŸ™ŒğŸ½
378;[yellow_square];24;ğŸŸ¨
379;[dotted_line_face];10;ğŸ«¥
380;[revolving_hearts];117;ğŸ’
381;[cherry_blossom];60;ğŸŒ¸
382;[pregnant_woman];8;ğŸ¤°
383;[backhand_index_pointing_down_dark_skin_tone];29;ğŸ‘‡ğŸ¿
384;[downcast_face_with_sweat];34;ğŸ˜“
385;[vulcan_salute];21;ğŸ––
386;[cupcake];1;ğŸ§
387;[DC];1;[DC]
388;[dog];59;ğŸ•
389;[cigarette];3;ğŸš¬
390;[cloud_with_rain];37;ğŸŒ§ï¸
391;[Paraguay];4;ğŸ‡µğŸ‡¾
392;[mobile_phone_with_arrow];233;ğŸ“²
393;[grinning_cat_with_smiling_eyes];31;ğŸ˜¸
394;[frog];85;ğŸ¸
395;[deaf_person];4;ğŸ§
396;[bellhop_bell];3;ğŸ›ï¸
397;[HILO];22;[HILO]
398;[camera];25;ğŸ“·
399;[leaf_fluttering_in_wind];83;ğŸƒ
400;[face_with_tongue];32;ğŸ˜›
401;[Christmas_tree];10;ğŸ„
402;[mouth];8;ğŸ‘„
403;[egg];50;ğŸ¥š
404;[trident_emblem];3;ğŸ”±
405;[gorilla];28;ğŸ¦
406;[vÃ­deo];1;[vÃ­deo]
407;[avocado];14;ğŸ¥‘
408;[cow];9;ğŸ„
409;[plus];145;â•
410;[love_hotel];1;ğŸ©
411;[two_hearts];314;ğŸ’•
412;[Croatia];12;ğŸ‡­ğŸ‡·
413;[hot_face];56;ğŸ¥µ
414;[chicken];6;ğŸ”
415;[leafy_green];7;ğŸ¥¬
416;[clinking_beer_mugs];16;ğŸ»
417;[pinching_hand];14;ğŸ¤
418;[package];5;ğŸ“¦
419;[herb];193;ğŸŒ¿
420;[kitchen_knife];12;ğŸ”ª
421;[];1;[]
422;[dashing_away];14;ğŸ’¨
423;[four_leaf_clover];151;ğŸ€
424;[face_with_peeking_eye];115;ğŸ«£
425;[high_voltage];65;âš¡
426;[person_shrugging_light_skin_tone];59;ğŸ¤·ğŸ»
427;[pig_face];71;ğŸ·
428;[meat_on_bone];6;ğŸ–
429;[sleeping_face];64;ğŸ˜´
430;[telephone];7;â˜ï¸
431;[octopus];5;ğŸ™
432;[thumbs_up_medium_skin_tone];54;ğŸ‘ğŸ½
433;[woman_dancing_light_skin_tone];23;ğŸ’ƒğŸ»
434;[VIDEO];49;[VIDEO]
435;[crossed_fingers_light_skin_tone];11;ğŸ¤ğŸ»
436;[balloon];42;ğŸˆ
437;[TelevisiÃ³n];1;[TelevisiÃ³n]
438;[crescent_moon];2;ğŸŒ™
439;[bullseye];18;ğŸ¯
440;[goblin];30;ğŸ‘º
441;[camera_with_flash];63;ğŸ“¸
442;[Uruguay];22;ğŸ‡ºğŸ‡¾
443;[growing_heart];108;ğŸ’—
444;[water_pistol];3;ğŸ”«
445;[European_Union];7;ğŸ‡ªğŸ‡º
446;[funeral_urn];3;âš±ï¸
447;[amphora];1;ğŸº
448;[framed_picture];1;ğŸ–¼ï¸
449;[weary_cat];15;ğŸ™€
450;[P_button];12;ğŸ…¿ï¸
451;[face_with_medical_mask];39;ğŸ˜·
452;[memo];120;ğŸ“
453;[nerd_face];207;ğŸ¤“
454;[man_kneeling];3;ğŸ§â€â™‚ï¸
455;[mobile_phone];54;ğŸ“±
456;[boxing_glove];24;ğŸ¥Š
457;[house];77;ğŸ 
458;[keycap_1];50;1ï¸âƒ£
459;[keycap_3];29;3ï¸âƒ£
460;[ticket];2;ğŸ«
461;[man_gesturing_NO];18;ğŸ™…â€â™‚ï¸
462;[orangutan];16;ğŸ¦§
463;[dove];42;ğŸ•Šï¸
464;[airplane];19;âœˆï¸
465;[heart_on_fire];66;â¤ï¸â€ğŸ”¥
466;[musical_score];76;ğŸ¼
467;[water_wave];75;ğŸŒŠ
468;[man_cartwheeling];5;ğŸ¤¸â€â™‚ï¸
469;[glowing_star];64;ğŸŒŸ
470;[writing_hand_light_skin_tone];32;âœğŸ»
471;[Pedulla];1;[Pedulla]
472;[busts_in_silhouette];15;ğŸ‘¥
473;[man_technologist];4;ğŸ‘¨â€ğŸ’»
474;[skier];1;â›·ï¸
475;[zzz];44;ğŸ’¤
476;[backhand_index_pointing_up_medium_skin_tone];2;ğŸ‘†ğŸ½
477;[baguette_bread];9;ğŸ¥–
478;[old_man_dark_skin_tone];5;ğŸ‘´ğŸ¿
479;[star];217;â­
480;[clinking_glasses];19;ğŸ¥‚
481;[Germany];13;ğŸ‡©ğŸ‡ª
482;[United_Nations];11;ğŸ‡ºğŸ‡³
483;[train];7;ğŸš†
484;[magnifying_glass_tilted_right];66;ğŸ”
485;[Senegal];1;ğŸ‡¸ğŸ‡³
486;[information];21;â„¹ï¸
487;[ninja];18;ğŸ¥·
488;[man_detective];5;ğŸ•µï¸â€â™‚ï¸
489;[multiply];15;âœ–ï¸
490;[France];16;ğŸ‡«ğŸ‡·
491;[chequered_flag];18;ğŸ
492;[film_frames];7;ğŸï¸
493;[Denmark];2;ğŸ‡©ğŸ‡°
494;[woman_judge];7;ğŸ‘©â€âš–ï¸
495;[SOS_button];34;ğŸ†˜
496;[man_construction_worker];7;ğŸ‘·â€â™‚ï¸
497;[hushed_face];27;ğŸ˜¯
498;[face_in_clouds];6;ğŸ˜¶â€ğŸŒ«ï¸
499;[kissing_face_with_smiling_eyes];14;ğŸ˜™
500;[check_box_with_check];213;â˜‘ï¸
501;[Bolivia];31;ğŸ‡§ğŸ‡´
502;[trackball];1;ğŸ–²ï¸
503;[office_building];2;ğŸ¢
504;[classical_building];23;ğŸ›ï¸
505;[Flores];1;[Flores]
506;[mechanical_arm];27;ğŸ¦¾
507;[man_light_skin_tone];5;ğŸ‘¨ğŸ»
508;[woman_superhero];1;ğŸ¦¸â€â™€ï¸
509;[slightly_frowning_face];12;ğŸ™
510;[pinched_fingers_medium_skin_tone];6;ğŸ¤ŒğŸ½
511;[gem_stone];19;ğŸ’
512;[fox];16;ğŸ¦Š
513;[tent];1;â›º
514;[sunrise];33;ğŸŒ…
515;[cityscape_at_dusk];3;ğŸŒ†
516;[bird];17;ğŸ¦
517;[video_camera];41;ğŸ“¹
518;[gear];4;âš™ï¸
519;[cat_with_wry_smile];9;ğŸ˜¼
520;[call_me_hand_light_skin_tone];6;ğŸ¤™ğŸ»
521;[disguised_face];21;ğŸ¥¸
522;[admission_tickets];3;ğŸŸï¸
523;[woman_judge_light_skin_tone];1;ğŸ‘©ğŸ»â€âš–ï¸
524;[eagle];12;ğŸ¦…
525;[tiger];1;ğŸ…
526;[heart_decoration];34;ğŸ’Ÿ
527;[mouse];33;ğŸ
528;[penguin];9;ğŸ§
529;[hut];11;ğŸ›–
530;[waving_hand_dark_skin_tone];3;ğŸ‘‹ğŸ¿
531;[backhand_index_pointing_up_light_skin_tone];8;ğŸ‘†ğŸ»
532;[repeat_button];13;ğŸ”
533;[toilet];10;ğŸš½
534;[peace_symbol];12;â˜®ï¸
535;[alarm_clock];183;â°
536;[pig];17;ğŸ–
537;[anchor];4;âš“
538;[birthday_cake];19;ğŸ‚
539;[cat_with_tears_of_joy];92;ğŸ˜¹
540;[school];11;ğŸ«
541;[Dominican_Republic];8;ğŸ‡©ğŸ‡´
542;[woman_technologist];47;ğŸ‘©â€ğŸ’»
543;[technologist];8;ğŸ§‘â€ğŸ’»
544;[scroll];49;ğŸ“œ
545;[atenciÃ³n];1;[atenciÃ³n]
546;[cross_mark_button];12;â
547;[turtle];2;ğŸ¢
548;[index_pointing_at_the_viewer];68;ğŸ«µ
549;[fearful_face];18;ğŸ˜¨
550;[ring];2;ğŸ’
551;[person_with_veil];1;ğŸ‘°
552;[top_hat];5;ğŸ©
553;[person_fencing];3;ğŸ¤º
554;[woman_standing_light_skin_tone];3;ğŸ§ğŸ»â€â™€ï¸
555;[kissing_face];8;ğŸ˜—
556;[black_flag];33;ğŸ´
557;[hand_with_fingers_splayed];41;ğŸ–ï¸
558;[Israel];3;ğŸ‡®ğŸ‡±
559;[Guatemala];4;ğŸ‡¬ğŸ‡¹
560;[clapper_board];20;ğŸ¬
561;[heavy_equals_sign];3;ğŸŸ°
562;[beer_mug];11;ğŸº
563;[bust_in_silhouette];9;ğŸ‘¤
564;[ewe];31;ğŸ‘
565;[hole];16;ğŸ•³ï¸
566;[pirate_flag];59;ğŸ´â€â˜ ï¸
567;[house_with_garden];90;ğŸ¡
568;[crown];9;ğŸ‘‘
569;[raised_hand_light_skin_tone];4;âœ‹ğŸ»
570;[shield];4;ğŸ›¡ï¸
571;[bus];6;ğŸšŒ
572;[sweat_droplets];62;ğŸ’¦
573;[sponge];2;ğŸ§½
574;[soap];2;ğŸ§¼
575;[lotion_bottle];1;ğŸ§´
576;[bubbles];2;ğŸ«§
577;[sun_behind_small_cloud];7;ğŸŒ¤ï¸
578;[piÃ±ata];2;ğŸª…
579;[registered];24;Â®ï¸
580;[blue_square];5;ğŸŸ¦
581;[kiss_mark];30;ğŸ’‹
582;[Gambia];1;ğŸ‡¬ğŸ‡²
583;[confetti_ball];91;ğŸŠ
584;[dna];2;ğŸ§¬
585;[red_triangle_pointed_up];34;ğŸ”º
586;[black_cat];33;ğŸˆâ€â¬›
587;[oncoming_fist_medium_skin_tone];7;ğŸ‘ŠğŸ½
588;[man_zombie];4;ğŸ§Ÿâ€â™‚ï¸
589;[spaghetti];1;ğŸ
590;[tumbler_glass];13;ğŸ¥ƒ
591;[wolf];15;ğŸº
592;[orange_square];4;ğŸŸ§
593;[raised_back_of_hand];98;ğŸ¤š
594;[headstone];5;ğŸª¦
595;[1];2;[1]
596;[dog_face];93;ğŸ¶
597;[strawberry];1;ğŸ“
598;[roll_of_paper];11;ğŸ§»
599;[crossed_fingers];50;ğŸ¤
600;[dizzy];53;ğŸ’«
601;[wrapped_gift];13;ğŸ
602;[y];1;[y]
603;[fast_down_button];8;â¬
604;[Leo];1;â™Œ
605;[yen_banknote];4;ğŸ’´
606;[helicopter];2;ğŸš
607;[Nigeria];2;ğŸ‡³ğŸ‡¬
608;[candle];54;ğŸ•¯ï¸
609;[shamrock];22;â˜˜ï¸
610;[VS_button];23;ğŸ†š
611;[trophy];20;ğŸ†
612;[El_Salvador];3;ğŸ‡¸ğŸ‡»
613;[person_shrugging_medium_skin_tone];23;ğŸ¤·ğŸ½
614;[woman_teacher];8;ğŸ‘©â€ğŸ«
615;[cherries];9;ğŸ’
616;[anatomical_heart];9;ğŸ«€
617;[llama];21;ğŸ¦™
618;[lion];8;ğŸ¦
619;[no_pedestrians];1;ğŸš·
620;[input_numbers];1;ğŸ”¢
621;[Nicaragua];12;ğŸ‡³ğŸ‡®
622;[sun_with_face];46;ğŸŒ
623;[cowboy_hat_face];19;ğŸ¤ 
624;[raised_hand_medium_skin_tone];1;âœ‹ğŸ½
625;[tropical_drink];2;ğŸ¹
626;[cocktail_glass];7;ğŸ¸
627;[bottle_with_popping_cork];24;ğŸ¾
628;[hibiscus];46;ğŸŒº
629;[pilot_light_skin_tone];1;ğŸ§‘ğŸ»â€âœˆï¸
630;[person_in_suit_levitating];4;ğŸ•´ï¸
631;[FDPAD];1;[FDPAD]
632;[military_medal];9;ğŸ–ï¸
633;[dress];3;ğŸ‘—
634;[Ghana];1;ğŸ‡¬ğŸ‡­
635;[call_me_hand];31;ğŸ¤™
636;[New_Zealand];6;ğŸ‡³ğŸ‡¿
637;[Netherlands];3;ğŸ‡³ğŸ‡±
638;[man_tipping_hand_medium_skin_tone];2;ğŸ’ğŸ½â€â™‚ï¸
639;[dagger];9;ğŸ—¡ï¸
640;[left_arrow];10;â¬…ï¸
641;[couple_with_heart_woman_man];1;ğŸ‘©â€â¤ï¸â€ğŸ‘¨
642;[oncoming_bus];5;ğŸš
643;[trolleybus];1;ğŸš
644;[heart_with_arrow];28;ğŸ’˜
645;[index_pointing_at_the_viewer_light_skin_tone];7;ğŸ«µğŸ»
646;[mending_heart];21;â¤ï¸â€ğŸ©¹
647;[Bahamas];1;ğŸ‡§ğŸ‡¸
648;[judge];3;ğŸ§‘â€âš–ï¸
649;[man_judge];7;ğŸ‘¨â€âš–ï¸
650;[people_hugging];40;ğŸ«‚
651;[open_book];342;ğŸ“–
652;[baseball];2;âš¾
653;[backhand_index_pointing_right_dark_skin_tone];9;ğŸ‘‰ğŸ¿
654;[Angola];2;ğŸ‡¦ğŸ‡´
655;[paperclip];10;ğŸ“
656;[service_dog];6;ğŸ•â€ğŸ¦º
657;[latin_cross];20;âœï¸
658;[person_frowning];1;ğŸ™
659;[spider_web];3;ğŸ•¸ï¸
660;[FOTO];24;[FOTO]
661;[hourglass_not_done];12;â³
662;[cricket];15;ğŸ¦—
663;[flexed_biceps_medium_skin_tone];149;ğŸ’ªğŸ½
664;[AHORA];18;[AHORA]
665;[microbe];13;ğŸ¦ 
666;[monkey_face];7;ğŸµ
667;[automobile];18;ğŸš—
668;[speaker_low_volume];5;ğŸ”ˆ
669;[OPINIÃ“N];19;[OPINIÃ“N]
670;[construction];3;ğŸš§
671;[bone];4;ğŸ¦´
672;[poultry_leg];1;ğŸ—
673;[bullet_train];2;ğŸš…
674;[person_cartwheeling_light_skin_tone];6;ğŸ¤¸ğŸ»
675;[Puerto_Rico];1;ğŸ‡µğŸ‡·
676;[heart_hands_medium_skin_tone];21;ğŸ«¶ğŸ½
677;[Denuncia];2;[Denuncia]
678;[calendar];131;ğŸ“…
679;[woman_health_worker];21;ğŸ‘©â€âš•ï¸
680;[love_letter];11;ğŸ’Œ
681;[no_entry];22;â›”
682;[microphone];37;ğŸ¤
683;[derelict_house];1;ğŸšï¸
684;[spiral_calendar];158;ğŸ—“ï¸
685;[books];252;ğŸ“š
686;[kissing_cat];21;ğŸ˜½
687;[Philippines];1;ğŸ‡µğŸ‡­
688;[person_beard];3;ğŸ§”
689;[waxing_crescent_moon];1;ğŸŒ’
690;[salt];4;ğŸ§‚
691;[man_raising_hand_medium_skin_tone];9;ğŸ™‹ğŸ½â€â™‚ï¸
692;[firecracker];2;ğŸ§¨
693;[drop_of_blood];7;ğŸ©¸
694;[man_genie];1;ğŸ§â€â™‚ï¸
695;[musical_keyboard];11;ğŸ¹
696;[hourglass_done];11;âŒ›
697;[keycap_0];21;0ï¸âƒ£
698;[taxi];2;ğŸš•
699;[man_standing];1;ğŸ§â€â™‚ï¸
700;[red_square];15;ğŸŸ¥
701;[mos];1;[mos]
702;[old_woman_light_skin_tone];2;ğŸ‘µğŸ»
703;[crying_cat];16;ğŸ˜¿
704;[Panama];8;ğŸ‡µğŸ‡¦
705;[Taiwan];10;ğŸ‡¹ğŸ‡¼
706;[green_book];26;ğŸ“—
707;[pinching_hand_medium_skin_tone];9;ğŸ¤ğŸ½
708;[Canada];12;ğŸ‡¨ğŸ‡¦
709;[Video];33;[Video]
710;[hindu_temple];1;ğŸ›•
711;[sunrise_over_mountains];16;ğŸŒ„
712;[apruebo];1;[apruebo]
713;[fireworks];3;ğŸ†
714;[sparkler];24;ğŸ‡
715;[rock];1;ğŸª¨
716;[softball];3;ğŸ¥
717;[sports_medal];2;ğŸ…
718;[goat];4;ğŸ
719;[man_golfing];1;ğŸŒï¸â€â™‚ï¸
720;[Saudi_Arabia];1;ğŸ‡¸ğŸ‡¦
721;[american_football];1;ğŸˆ
722;[ear];25;ğŸ‘‚
723;[light_bulb];41;ğŸ’¡
724;[teacher];4;ğŸ§‘â€ğŸ«
725;[pound_banknote];2;ğŸ’·
726;[hospital];39;ğŸ¥
727;[shopping_bags];1;ğŸ›ï¸
728;[shopping_cart];4;ğŸ›’
729;[man_getting_massage];1;ğŸ’†â€â™‚ï¸
730;[black_nib];17;âœ’ï¸
731;[locomotive];96;ğŸš‚
732;[thumbs_up_dark_skin_tone];13;ğŸ‘ğŸ¿
733;[inbox_tray];17;ğŸ“¥
734;[new_moon_face];12;ğŸŒš
735;[rabbit_face];15;ğŸ°
736;[ES];1;[ES]
737;[palm_up_hand_light_skin_tone];1;ğŸ«´ğŸ»
738;[woman_police_officer];4;ğŸ‘®â€â™€ï¸
739;[orange_heart];87;ğŸ§¡
740;[tiger_face];6;ğŸ¯
741;[thought_balloon];12;ğŸ’­
742;[oncoming_police_car];14;ğŸš”
743;[hand_with_index_finger_and_thumb_crossed];44;ğŸ«°
744;[Japanese_symbol_for_beginner];7;ğŸ”°
745;[woman_cartwheeling];3;ğŸ¤¸â€â™€ï¸
746;[dvd];2;ğŸ“€
747;[metro];14;ğŸš‡
748;[brown_heart];14;ğŸ¤
749;[white_flag];16;ğŸ³ï¸
750;[door];19;ğŸšª
751;[heart_with_ribbon];40;ğŸ’
752;[OK_hand_dark_skin_tone];6;ğŸ‘ŒğŸ¿
753;[hand_with_fingers_splayed_medium_skin_tone];3;ğŸ–ğŸ½
754;[sign_of_the_horns_medium_skin_tone];5;ğŸ¤˜ğŸ½
755;[moai];5;ğŸ—¿
756;[lollipop];6;ğŸ­
757;[male_sign];3;â™‚ï¸
758;[eye_in_speech_bubble];9;ğŸ‘ï¸â€ğŸ—¨ï¸
759;[basketball];2;ğŸ€
760;[woman_teacher_light_skin_tone];4;ğŸ‘©ğŸ»â€ğŸ«
761;[hamburger];3;ğŸ”
762;[clipboard];7;ğŸ“‹
763;[police_officer];11;ğŸ‘®
764;[lady_beetle];5;ğŸ
765;[poodle];8;ğŸ©
766;[SOON_arrow];17;ğŸ”œ
767;[mount_fuji];8;ğŸ—»
768;[Syria];1;ğŸ‡¸ğŸ‡¾
769;[TOP_arrow];4;ğŸ”
770;[litter_in_bin_sign];7;ğŸš®
771;[green_apple];24;ğŸ
772;[man_scientist];17;ğŸ‘¨â€ğŸ”¬
773;[student];21;ğŸ§‘â€ğŸ“
774;[woman_student];23;ğŸ‘©â€ğŸ“
775;[family_man_girl_boy];17;ğŸ‘¨â€ğŸ‘§â€ğŸ‘¦
776;[woman_wearing_turban];29;ğŸ‘³â€â™€ï¸
777;[woman_in_manual_wheelchair];36;ğŸ‘©â€ğŸ¦½
778;[parrot];21;ğŸ¦œ
779;[woman_firefighter];14;ğŸ‘©â€ğŸš’
780;[potable_water];15;ğŸš°
781;[railway_track];12;ğŸ›¤ï¸
782;[droplet];154;ğŸ’§
783;[spouting_whale];21;ğŸ³
784;[woman_construction_worker_light_skin_tone];3;ğŸ‘·ğŸ»â€â™€ï¸
785;[man_construction_worker_medium_skin_tone];3;ğŸ‘·ğŸ½â€â™‚ï¸
786;[backhand_index_pointing_right_medium_skin_tone];77;ğŸ‘‰ğŸ½
787;[sunglasses];4;ğŸ•¶ï¸
788;[woman_gesturing_NO];10;ğŸ™…â€â™€ï¸
789;[pool_8_ball];12;ğŸ±
790;[Austria];6;ğŸ‡¦ğŸ‡¹
791;[girl];10;ğŸ‘§
792;[incoming_envelope];4;ğŸ“¨
793;[anguished_face];15;ğŸ˜§
794;[woman];8;ğŸ‘©
795;[woman_light_skin_tone_white_hair];2;ğŸ‘©ğŸ»â€ğŸ¦³
796;[woman_light_skin_tone_red_hair];1;ğŸ‘©ğŸ»â€ğŸ¦°
797;[military_helmet];4;ğŸª–
798;[woman_pouting_light_skin_tone];1;ğŸ™ğŸ»â€â™€ï¸
799;[camel];2;ğŸª
800;[compass];2;ğŸ§­
801;[Confidencial];11;[Confidencial]
802;[wastebasket];9;ğŸ—‘ï¸
803;[Sweden];11;ğŸ‡¸ğŸ‡ª
804;[baby_angel];8;ğŸ‘¼
805;[cinema];6;ğŸ¦
806;[beach_with_umbrella];7;ğŸ–ï¸
807;[counterclockwise_arrows_button];5;ğŸ”„
808;[handshake_light_skin_tone];3;ğŸ¤ğŸ»
809;[Vietnam];3;ğŸ‡»ğŸ‡³
810;[transgender_flag];38;ğŸ³ï¸â€âš§ï¸
811;[men_holding_hands];20;ğŸ‘¬
812;[women_holding_hands];54;ğŸ‘­
813;[person_cartwheeling_dark_skin_tone];1;ğŸ¤¸ğŸ¿
814;[man_mage];3;ğŸ§™â€â™‚ï¸
815;[family_man_man_girl];2;ğŸ‘¨â€ğŸ‘¨â€ğŸ‘§
816;[bicycle];9;ğŸš²
817;[chains];2;â›“ï¸
818;[keycap_9];4;9ï¸âƒ£
819;[purple_square];8;ğŸŸª
820;[waxing_gibbous_moon];1;ğŸŒ”
821;[rocket];10;ğŸš€
822;[index_pointing_up_medium_skin_tone];14;â˜ğŸ½
823;[evergreen_tree];37;ğŸŒ²
824;[closed_book];48;ğŸ“•
825;[horse_face];16;ğŸ´
826;[Kenya];1;ğŸ‡°ğŸ‡ª
827;[briefcase];7;ğŸ’¼
828;[man_walking_light_skin_tone];5;ğŸš¶ğŸ»â€â™‚ï¸
829;[nail_polish_light_skin_tone];7;ğŸ’…ğŸ»
830;[chipmunk];2;ğŸ¿ï¸
831;[woman_tipping_hand_light_skin_tone];8;ğŸ’ğŸ»â€â™€ï¸
832;[boy];5;ğŸ‘¦
833;[Santa_Claus];2;ğŸ…
834;[dragon_face];1;ğŸ²
835;[deer];2;ğŸ¦Œ
836;[umbrella];2;â˜‚ï¸
837;[Podcast];7;[Podcast]
838;[radioactive];3;â˜¢ï¸
839;[biohazard];5;â˜£ï¸
840;[person_gesturing_NO];3;ğŸ™…
841;[palms_up_together_medium_skin_tone];3;ğŸ¤²ğŸ½
842;[game_die];2;ğŸ²
843;[bear];4;ğŸ»
844;[computer_mouse];6;ğŸ–±ï¸
845;[crystal_ball];22;ğŸ”®
846;[person_bowing_light_skin_tone];2;ğŸ™‡ğŸ»
847;[frowning_face_with_open_mouth];5;ğŸ˜¦
848;[Apruebo];1;[Apruebo]
849;[Rechazo];1;[Rechazo]
850;[butterfly];34;ğŸ¦‹
851;[full_moon_face];5;ğŸŒ
852;[man_bouncing_ball];1;â›¹ï¸â€â™‚ï¸
853;[woman_golfing];1;ğŸŒï¸â€â™€ï¸
854;[man_lifting_weights];1;ğŸ‹ï¸â€â™‚ï¸
855;[person_bouncing_ball];1;â›¹ï¸
856;[fly];3;ğŸª°
857;[Fotos];2;[Fotos]
858;[chess_pawn];8;â™Ÿï¸
859;[blowfish];3;ğŸ¡
860;[tomato];8;ğŸ…
861;[MÃºsica];1;[MÃºsica]
862;[middle_finger_medium_skin_tone];3;ğŸ–•ğŸ½
863;[Tendencias];2;[Tendencias]
864;[woman_with_white_cane];1;ğŸ‘©â€ğŸ¦¯
865;[man_running];5;ğŸƒâ€â™‚ï¸
866;[man_with_white_cane];1;ğŸ‘¨â€ğŸ¦¯
867;[person_running];3;ğŸƒ
868;[candy];1;ğŸ¬
869;[drooling_face];34;ğŸ¤¤
870;[man_gesturing_NO_light_skin_tone];2;ğŸ™…ğŸ»â€â™‚ï¸
871;[jeans];3;ğŸ‘–
872;[allÃ­];1;[allÃ­]
873;[page_facing_up];30;ğŸ“„
874;[sign_of_the_horns_light_skin_tone];24;ğŸ¤˜ğŸ»
875;[person_gesturing_NO_light_skin_tone];2;ğŸ™…ğŸ»
876;[postal_horn];2;ğŸ“¯
877;[foot];2;ğŸ¦¶
878;[Slovakia];1;ğŸ‡¸ğŸ‡°
879;[fountain_pen];11;ğŸ–‹ï¸
880;[petri_dish];1;ğŸ§«
881;[woman_vampire_light_skin_tone];2;ğŸ§›ğŸ»â€â™€ï¸
882;[Hong_Kong_SAR_China];2;ğŸ‡­ğŸ‡°
883;[reminder_ribbon];3;ğŸ—ï¸
884;[folded_hands_medium_skin_tone];13;ğŸ™ğŸ½
885;[credit_card];3;ğŸ’³
886;[man_police_officer];13;ğŸ‘®â€â™‚ï¸
887;[woman_and_man_holding_hands];30;ğŸ‘«
888;[wood];5;ğŸªµ
889;[man_cook];4;ğŸ‘¨â€ğŸ³
890;[pickup_truck];3;ğŸ›»
891;[dolphin];5;ğŸ¬
892;[Palestinian_Territories];1;ğŸ‡µğŸ‡¸
893;[princess];2;ğŸ‘¸
894;[white_small_square];13;â–«ï¸
895;[man_light_skin_tone_beard];1;ğŸ§”ğŸ»â€â™‚ï¸
896;[black_medium_square];3;â—¼ï¸
897;[elevator];1;ğŸ›—
898;[England];1;ğŸ´ó §ó ¢ó ¥ó ®ó §ó ¿
899;[Switzerland];5;ğŸ‡¨ğŸ‡­
900;[woman_cartwheeling_dark_skin_tone];1;ğŸ¤¸ğŸ¿â€â™€ï¸
901;[old_man_light_skin_tone];3;ğŸ‘´ğŸ»
902;[person_biking];22;ğŸš´
903;[man_shrugging_dark_skin_tone];3;ğŸ¤·ğŸ¿â€â™‚ï¸
904;[horse];11;ğŸ
905;[gloves];3;ğŸ§¤
906;[man_running_light_skin_tone];2;ğŸƒğŸ»â€â™‚ï¸
907;[victory_hand_dark_skin_tone];4;âœŒğŸ¿
908;[Portugal];2;ğŸ‡µğŸ‡¹
909;[clapping_hands_dark_skin_tone];18;ğŸ‘ğŸ¿
910;[couple_with_heart_man_man];2;ğŸ‘¨â€â¤ï¸â€ğŸ‘¨
911;[light_skin_tone];3;ğŸ»
912;[Sigue];1;[Sigue]
913;[key];7;ğŸ”‘
914;[record_button];2;âºï¸
915;[medium_skin_tone];2;ğŸ½
916;[women_wrestling];1;ğŸ¤¼â€â™€ï¸
917;[open_file_folder];2;ğŸ“‚
918;[person_light_skin_tone_beard];2;ğŸ§”ğŸ»
919;[billed_cap];1;ğŸ§¢
920;[joker];2;ğŸƒ
921;[dumpling];2;ğŸ¥Ÿ
922;[keycap_8];3;8ï¸âƒ£
923;[keycap_7];3;7ï¸âƒ£
924;[keycap_6];3;6ï¸âƒ£
925;[camping];5;ğŸ•ï¸
926;[detective];6;ğŸ•µï¸
927;[Clipperton_Island];3;ğŸ‡¨ğŸ‡µ
928;[flexed_biceps_dark_skin_tone];13;ğŸ’ªğŸ¿
929;[OpiniÃ³n];16;[OpiniÃ³n]
930;[palms_up_together];8;ğŸ¤²
931;[hand_with_index_finger_and_thumb_crossed_medium_skin_tone];24;ğŸ«°ğŸ½
932;[astronaut];2;ğŸ§‘â€ğŸš€
933;[construction_worker];24;ğŸ‘·
934;[potato];3;ğŸ¥”
935;[PPOO];1;[PPOO]
936;[woman_walking];2;ğŸš¶â€â™€ï¸
937;[man_walking];2;ğŸš¶â€â™‚ï¸
938;[fallen_leaf];4;ğŸ‚
939;[maple_leaf];3;ğŸ
940;[nazar_amulet];30;ğŸ§¿
941;[man_dancing_medium_skin_tone];8;ğŸ•ºğŸ½
942;[index_pointing_up_dark_skin_tone];2;â˜ğŸ¿
943;[grinning_cat];8;ğŸ˜º
944;[airplane_departure];1;ğŸ›«
945;[ship];2;ğŸš¢
946;[test_tube];8;ğŸ§ª
947;[snowflake];11;â„ï¸
948;[mate];5;ğŸ§‰
949;[necktie];6;ğŸ‘”
950;[milky_way];10;ğŸŒŒ
951;[flamingo];14;ğŸ¦©
952;[older_person];5;ğŸ§“
953;[woman_white_hair];3;ğŸ‘©â€ğŸ¦³
954;[person_white_hair];2;ğŸ§‘â€ğŸ¦³
955;[mountain];12;â›°ï¸
956;[woman_farmer];8;ğŸ‘©â€ğŸŒ¾
957;[man_farmer];16;ğŸ‘¨â€ğŸŒ¾
958;[woman_tipping_hand];8;ğŸ’â€â™€ï¸
959;[hammer_and_pick];3;âš’ï¸
960;[AYER];3;[AYER]
961;[person_in_tuxedo];15;ğŸ¤µ
962;[blossom];13;ğŸŒ¼
963;[hand_with_index_finger_and_thumb_crossed_light_skin_tone];20;ğŸ«°ğŸ»
964;[umbrella_with_rain_drops];10;â˜”
965;[person_juggling];1;ğŸ¤¹
966;[man_facepalming_dark_skin_tone];3;ğŸ¤¦ğŸ¿â€â™‚ï¸
967;[honeybee];15;ğŸ
968;[cow_face];7;ğŸ®
969;[chart_increasing_with_yen];2;ğŸ’¹
970;[rugby_football];1;ğŸ‰
971;[locked_with_key];3;ğŸ”
972;[writing_hand_medium_skin_tone];6;âœğŸ½
973;[Australia];3;ğŸ‡¦ğŸ‡º
974;[child];5;ğŸ§’
975;[backhand_index_pointing_left_medium_skin_tone];2;ğŸ‘ˆğŸ½
976;[Libra];1;â™
977;[woman_biking];11;ğŸš´â€â™€ï¸
978;[radio_button];5;ğŸ”˜
979;[cloud_with_snow];4;ğŸŒ¨ï¸
980;[houses];26;ğŸ˜ï¸
981;[sauropod];3;ğŸ¦•
982;[convencionales];1;[convencionales]
983;[canoe];2;ğŸ›¶
984;[sheaf_of_rice];14;ğŸŒ¾
985;[hamster];2;ğŸ¹
986;[mechanical_leg];1;ğŸ¦¿
987;[tropical_fish];7;ğŸ 
988;[LANZAMIENTO];2;[LANZAMIENTO]
989;[mirror];1;ğŸª
990;[ballet_shoes];3;ğŸ©°
991;[mouse_trap];3;ğŸª¤
992;[unicorn];11;ğŸ¦„
993;[cookie];8;ğŸª
994;[teacup_without_handle];1;ğŸµ
995;[bread];8;ğŸ
996;[cockroach];1;ğŸª³
997;[straight_ruler];1;ğŸ“
998;[shortcake];6;ğŸ°
999;[yin_yang];2;â˜¯ï¸
1000;[volcano];3;ğŸŒ‹
1001;[railway_car];15;ğŸšƒ
1002;[woman_zombie];13;ğŸ§Ÿâ€â™€ï¸
1003;[zombie];3;ğŸ§Ÿ
1004;[index_pointing_at_the_viewer_medium_skin_tone];1;ğŸ«µğŸ½
1005;[woman_in_lotus_position];2;ğŸ§˜â€â™€ï¸
1006;[national_park];17;ğŸï¸
1007;[garlic];3;ğŸ§„
1008;[pick];5;â›ï¸
1009;[Vatican_City];1;ğŸ‡»ğŸ‡¦
1010;[scarf];2;ğŸ§£
1011;[man_feeding_baby_light_skin_tone];2;ğŸ‘¨ğŸ»â€ğŸ¼
1012;[man_firefighter];5;ğŸ‘¨â€ğŸš’
1013;[fire_engine];9;ğŸš’
1014;[flying_saucer];1;ğŸ›¸
1015;[wind_face];4;ğŸŒ¬ï¸
1016;[artist_palette];9;ğŸ¨
1017;[man_biking];12;ğŸš´â€â™‚ï¸
1018;[man_mountain_biking];1;ğŸšµâ€â™‚ï¸
1019;[person_mountain_biking];8;ğŸšµ
1020;[woman_mountain_biking];2;ğŸšµâ€â™€ï¸
1021;[full_moon];1;ğŸŒ•
1022;[teacher_medium_skin_tone];1;ğŸ§‘ğŸ½â€ğŸ«
1023;[infinity];4;â™¾ï¸
1024;[raised_fist_dark_skin_tone];27;âœŠğŸ¿
1025;[yarn];4;ğŸ§¶
1026;[man_dancing_light_skin_tone];8;ğŸ•ºğŸ»
1027;[bug];8;ğŸ›
1028;[woman_blond_hair];1;ğŸ‘±â€â™€ï¸
1029;[woman_red_hair];3;ğŸ‘©â€ğŸ¦°
1030;[grapes];4;ğŸ‡
1031;[deaf_woman];1;ğŸ§â€â™€ï¸
1032;[ear_with_hearing_aid];1;ğŸ¦»
1033;[glass_of_milk];2;ğŸ¥›
1034;[hot_dog];3;ğŸŒ­
1035;[police_car];4;ğŸš“
1036;[luggage];3;ğŸ§³
1037;[snail];6;ğŸŒ
1038;[thumbs_down_medium_skin_tone];4;ğŸ‘ğŸ½
1039;[CHILE];1;[CHILE]
1040;[leg];3;ğŸ¦µ
1041;[man_biking_medium_skin_tone];2;ğŸš´ğŸ½â€â™‚ï¸
1042;[wilted_flower];2;ğŸ¥€
1043;[ninja_light_skin_tone];1;ğŸ¥·ğŸ»
1044;[banjo];1;ğŸª•
1045;[woman_raising_hand_medium_skin_tone];10;ğŸ™‹ğŸ½â€â™€ï¸
1046;[medical_symbol];3;âš•ï¸
1047;[hatching_chick];5;ğŸ£
1048;[worm];4;ğŸª±
1049;[chocolate_bar];1;ğŸ«
1050;[cook];2;ğŸ§‘â€ğŸ³
1051;[baby_chick];1;ğŸ¤
1052;[koala];1;ğŸ¨
1053;[rosette];4;ğŸµï¸
1054;[man_tipping_hand];6;ğŸ’â€â™‚ï¸
1055;[woman_running_light_skin_tone];5;ğŸƒğŸ»â€â™€ï¸
1056;[sailboat];3;â›µ
1057;[woman_scientist_medium_skin_tone];2;ğŸ‘©ğŸ½â€ğŸ”¬
1058;[person_in_tuxedo_light_skin_tone];16;ğŸ¤µğŸ»
1059;[sun_behind_rain_cloud];1;ğŸŒ¦ï¸
1060;[parachute];1;ğŸª‚
1061;[woman_mage];2;ğŸ§™â€â™€ï¸
1062;[selfie_medium_skin_tone];7;ğŸ¤³ğŸ½
1063;[woman_running];9;ğŸƒâ€â™€ï¸
1064;[woman_lifting_weights];1;ğŸ‹ï¸â€â™€ï¸
1065;[OLCA];1;[OLCA]
1066;[female_sign];22;â™€ï¸
1067;[carrot];5;ğŸ¥•
1068;[ear_of_corn];10;ğŸŒ½
1069;[oncoming_automobile];1;ğŸš˜
1070;[prayer_beads];1;ğŸ“¿
1071;[cut_of_meat];1;ğŸ¥©
1072;[man_health_worker_light_skin_tone];3;ğŸ‘¨ğŸ»â€âš•ï¸
1073;[troll];2;ğŸ§Œ
1074;[person_lifting_weights];2;ğŸ‹ï¸
1075;[woman_rowing_boat];1;ğŸš£â€â™€ï¸
1076;[man_rowing_boat];3;ğŸš£â€â™‚ï¸
1077;[person_swimming];1;ğŸŠ
1078;[woman_surfing];1;ğŸ„â€â™€ï¸
1079;[family_man_woman_boy_boy];4;ğŸ‘¨â€ğŸ‘©â€ğŸ‘¦â€ğŸ‘¦
1080;[wedding];6;ğŸ’’
1081;[crocodile];1;ğŸŠ
1082;[shaved_ice];1;ğŸ§
1083;[ACTUALIDAD];2;[ACTUALIDAD]
1084;[carp_streamer];1;ğŸ
1085;[APRUEBO];4;[APRUEBO]
1086;[footprints];3;ğŸ‘£
1087;[woman_bowing_medium_skin_tone];1;ğŸ™‡ğŸ½â€â™€ï¸
1088;[person_in_lotus_position_light_skin_tone];1;ğŸ§˜ğŸ»
1089;[butter];2;ğŸ§ˆ
1090;[woman_fairy];2;ğŸ§šâ€â™€ï¸
1091;[child_medium_skin_tone];3;ğŸ§’ğŸ½
1092;[child_light_skin_tone];7;ğŸ§’ğŸ»
1093;[boy_light_skin_tone];2;ğŸ‘¦ğŸ»
1094;[man_supervillain];1;ğŸ¦¹â€â™‚ï¸
1095;[bathtub];2;ğŸ›
1096;[ConstituciÃ³n];1;[ConstituciÃ³n]
1097;[man_cartwheeling_dark_skin_tone];3;ğŸ¤¸ğŸ¿â€â™‚ï¸
1098;[woman_juggling];4;ğŸ¤¹â€â™€ï¸
1099;[person_shrugging_dark_skin_tone];1;ğŸ¤·ğŸ¿
1100;[ram];15;ğŸ
1101;[family_woman_girl];2;ğŸ‘©â€ğŸ‘§
1102;[family_man_boy];1;ğŸ‘¨â€ğŸ‘¦
1103;[sic];1;[sic]
1104;[white_exclamation_mark];2;â•
1105;[safety_vest];1;ğŸ¦º
1106;[toolbox];1;ğŸ§°
1107;[South_Korea];2;ğŸ‡°ğŸ‡·
1108;[volleyball];1;ğŸ
1109;[synagogue];2;ğŸ•
1110;[mosque];1;ğŸ•Œ
1111;[lipstick];1;ğŸ’„
1112;[shooting_star];10;ğŸŒ 
1113;[envelope_with_arrow];224;ğŸ“©
1114;[woman_dancing_medium_skin_tone];3;ğŸ’ƒğŸ½
1115;[people_with_bunny_ears];3;ğŸ‘¯
1116;[ambulance];12;ğŸš‘
1117;[motorway];1;ğŸ›£ï¸
1118;[hiking_boot];1;ğŸ¥¾
1119;[guide_dog];3;ğŸ¦®
1120;[health_worker];1;ğŸ§‘â€âš•ï¸
1121;[accordion];5;ğŸª—
1122;[Acuerdo];1;[Acuerdo]
1123;[duck];12;ğŸ¦†
1124;[bank];3;ğŸ¦
1125;[man_dancing_dark_skin_tone];1;ğŸ•ºğŸ¿
1126;[kite];2;ğŸª
1127;[cloud];2;â˜ï¸
1128;[man_artist];4;ğŸ‘¨â€ğŸ¨
1129;[vibration_mode];4;ğŸ“³
1130;[beans];1;ğŸ«˜
1131;[person_raising_hand_light_skin_tone];3;ğŸ™‹ğŸ»
1132;[receipt];4;ğŸ§¾
1133;[steaming_bowl];1;ğŸœ
1134;[sport_utility_vehicle];5;ğŸš™
1135;[delivery_truck];1;ğŸšš
1136;[racing_car];1;ğŸï¸
1137;[motor_scooter];3;ğŸ›µ
1138;[motorcycle];2;ğŸï¸
1139;[improbable];1;[improbable]
1140;[man_factory_worker];2;ğŸ‘¨â€ğŸ­
1141;[Japan];2;ğŸ‡¯ğŸ‡µ
1142;[man_tipping_hand_light_skin_tone];2;ğŸ’ğŸ»â€â™‚ï¸
1143;[speaker_medium_volume];2;ğŸ”‰
1144;[woman_curly_hair];2;ğŸ‘©â€ğŸ¦±
1145;[tangerine];10;ğŸŠ
1146;[woman_biking_light_skin_tone];2;ğŸš´ğŸ»â€â™€ï¸
1147;[woman_biking_dark_skin_tone];4;ğŸš´ğŸ¿â€â™€ï¸
1148;[teapot];5;ğŸ«–
1149;[flatbread];1;ğŸ«“
1150;[baby_light_skin_tone];2;ğŸ‘¶ğŸ»
1151;[girl_light_skin_tone];8;ğŸ‘§ğŸ»
1152;[girl_medium_skin_tone];4;ğŸ‘§ğŸ½
1153;[leopard];1;ğŸ†
1154;[man_student];3;ğŸ‘¨â€ğŸ“
1155;[bright_button];2;ğŸ”†
1156;[old_woman_medium_skin_tone];3;ğŸ‘µğŸ½
1157;[pizza];2;ğŸ•
1158;[white_flower];1;ğŸ’®
1159;[pouting_cat];7;ğŸ˜¾
1160;[magic_wand];16;ğŸª„
1161;[om];1;ğŸ•‰ï¸
1162;[backpack];1;ğŸ’
1163;[HOY];24;[HOY]
1164;[skunk];3;ğŸ¦¨
1165;[brick];1;ğŸ§±
1166;[ringed_planet];1;ğŸª
1167;[lab_coat];1;ğŸ¥¼
1168;[stethoscope];8;ğŸ©º
1169;[adhesive_bandage];2;ğŸ©¹
1170;[redacted];1;[redacted]
1171;[kick_scooter];2;ğŸ›´
1172;[woman_gesturing_NO_light_skin_tone];2;ğŸ™…ğŸ»â€â™€ï¸
1173;[SANTIAGO];1;[SANTIAGO]
1174;[motor_boat];1;ğŸ›¥ï¸
1175;[woman_technologist_light_skin_tone];6;ğŸ‘©ğŸ»â€ğŸ’»
1176;[Ahora];2;[Ahora]
1177;[woman_running_medium_skin_tone];3;ğŸƒğŸ½â€â™€ï¸
1178;[person_running_medium_skin_tone];1;ğŸƒğŸ½
1179;[cityscape];2;ğŸ™ï¸
1180;[woman_medium_skin_tone_blond_hair];1;ğŸ‘±ğŸ½â€â™€ï¸
1181;[diamond_with_a_dot];1;ğŸ’ 
1182;[man_raising_hand_dark_skin_tone];1;ğŸ™‹ğŸ¿â€â™‚ï¸
1183;[ox];2;ğŸ‚
1184;[man_biking_dark_skin_tone];12;ğŸš´ğŸ¿â€â™‚ï¸
1185;[men_wrestling];3;ğŸ¤¼â€â™‚ï¸
1186;[man_singer];1;ğŸ‘¨â€ğŸ¤
1187;[computer_disk];1;ğŸ’½
1188;[Foto];1;[Foto]
1189;[nose_light_skin_tone];1;ğŸ‘ƒğŸ»
1190;[scorpion];2;ğŸ¦‚
1191;[ice];2;ğŸ§Š
1192;[woman_teacher_medium_skin_tone];5;ğŸ‘©ğŸ½â€ğŸ«
1193;[family_woman_boy];4;ğŸ‘©â€ğŸ‘¦
1194;[Botswana];2;ğŸ‡§ğŸ‡¼
1195;[sewing_needle];9;ğŸª¡
1196;[Link];1;[Link]
1197;[clockwise_vertical_arrows];1;ğŸ”ƒ
1198;[man_in_manual_wheelchair];1;ğŸ‘¨â€ğŸ¦½
1199;[owl];4;ğŸ¦‰
1200;[Norway];2;ğŸ‡³ğŸ‡´
1201;[person_bowing];2;ğŸ™‡
1202;[woman_construction_worker];4;ğŸ‘·â€â™€ï¸
1203;[woman_health_worker_medium_skin_tone];2;ğŸ‘©ğŸ½â€âš•ï¸
1204;[notebook_with_decorative_cover];2;ğŸ“”
1205;[desktop_computer];20;ğŸ–¥ï¸
1206;[INVITACIÃ“N];2;[INVITACIÃ“N]
1207;[woman_gesturing_OK_medium_skin_tone];2;ğŸ™†ğŸ½â€â™€ï¸
1208;[Uzbekistan];1;ğŸ‡ºğŸ‡¿
1209;[world_map];13;ğŸ—ºï¸
1210;[thumbs_down_dark_skin_tone];6;ğŸ‘ğŸ¿
1211;[otter];1;ğŸ¦¦
1212;[NEW_button];4;ğŸ†•
1213;[paintbrush];4;ğŸ–Œï¸
1214;[3];2;[3]
1215;[comet];6;â˜„ï¸
1216;[selfie];7;ğŸ¤³
1217;[ladder];1;ğŸªœ
1218;[MAÃ‘ANA];6;[MAÃ‘ANA]
1219;[microscope];1;ğŸ”¬
1220;[Hilo];1;[Hilo]
1221;[waving_hand_medium_skin_tone];2;ğŸ‘‹ğŸ½
1222;[deaf_person_medium_skin_tone];3;ğŸ§ğŸ½
1223;[baby_medium_skin_tone];2;ğŸ‘¶ğŸ½
1224;[woman_scientist];5;ğŸ‘©â€ğŸ”¬
1225;[pregnant_woman_light_skin_tone];1;ğŸ¤°ğŸ»
1226;[running_shirt];1;ğŸ½
1227;[PODCAST];23;[PODCAST]
1228;[vulcan_salute_medium_skin_tone];1;ğŸ––ğŸ½
1229;[whale];9;ğŸ‹
1230;[MEDIOS];1;[MEDIOS]
1231;[coin];3;ğŸª™
1232;[spiral_notepad];8;ğŸ—’ï¸
1233;[puzzle_piece];2;ğŸ§©
1234;[ENCUESTA];6;[ENCUESTA]
1235;[ENTREVISTA];4;[ENTREVISTA]
1236;[wheelchair_symbol];3;â™¿
1237;[e];2;[e]
1238;[notebook];1;ğŸ““
1239;[rooster];6;ğŸ“
1240;[scientist];2;ğŸ§‘â€ğŸ”¬
1241;[Encuesta];1;[Encuesta]
1242;[woman_technologist_medium_skin_tone];2;ğŸ‘©ğŸ½â€ğŸ’»
1243;[input_latin_uppercase];1;ğŸ” 
1244;[old_man_medium_skin_tone];1;ğŸ‘´ğŸ½
1245;[cloud_with_lightning_and_rain];2;â›ˆï¸
1246;[play_or_pause_button];5;â¯ï¸
1247;[file_folder];2;ğŸ“
1248;[family_woman_girl_boy];3;ğŸ‘©â€ğŸ‘§â€ğŸ‘¦
1249;[ESTRENO];1;[ESTRENO]
1250;[tractor];1;ğŸšœ
1251;[lemon];2;ğŸ‹
1252;[green_square];1;ğŸŸ©
1253;[muted_speaker];1;ğŸ”‡
1254;[5];1;[5]
1255;[woman_gesturing_NO_medium_skin_tone];1;ğŸ™…ğŸ½â€â™€ï¸
1256;[soft_ice_cream];1;ğŸ¦
1257;[station];5;ğŸš‰
1258;[panda];2;ğŸ¼
1259;[polar_bear];2;ğŸ»â€â„ï¸
1260;[swan];2;ğŸ¦¢
1261;[nest_with_eggs];1;ğŸªº
1262;[coral];1;ğŸª¸
1263;[zebra];1;ğŸ¦“
1264;[giraffe];1;ğŸ¦’
1265;[squid];2;ğŸ¦‘
1266;[seal];12;ğŸ¦­
1267;[snowboarder];4;ğŸ‚
1268;[glasses];4;ğŸ‘“
1269;[firefighter];2;ğŸ§‘â€ğŸš’
1270;[fire_extinguisher];1;ğŸ§¯
1271;[floppy_disk];1;ğŸ’¾
1272;[feather];6;ğŸª¶
1273;[man_gesturing_OK_light_skin_tone];1;ğŸ™†ğŸ»â€â™‚ï¸
1274;[woman_bowing_light_skin_tone];1;ğŸ™‡ğŸ»â€â™€ï¸
1275;[posible];1;[posible]
1276;[safety_pin];3;ğŸ§·
1277;[seat];2;ğŸ’º
1278;[desert];2;ğŸœï¸
1279;[chestnut];1;ğŸŒ°
1280;[man_getting_massage_light_skin_tone];2;ğŸ’†ğŸ»â€â™‚ï¸
1281;[Honduras];3;ğŸ‡­ğŸ‡³
1282;[E];1;[E]
1283;[man_mage_light_skin_tone];4;ğŸ§™ğŸ»â€â™‚ï¸
1284;[skateboard];1;ğŸ›¹
1285;[roller_skate];1;ğŸ›¼
1286;[manual_wheelchair];1;ğŸ¦½
1287;[person_walking];2;ğŸš¶
1288;[farmer_medium_skin_tone];1;ğŸ§‘ğŸ½â€ğŸŒ¾
1289;[VÃ­deo];1;[VÃ­deo]
1290;[AGENDA];4;[AGENDA]
1291;[raising_hands_dark_skin_tone];1;ğŸ™ŒğŸ¿
1292;[woman_light_skin_tone];3;ğŸ‘©ğŸ»
1293;[OPINION];3;[OPINION]
1294;[turkey];3;ğŸ¦ƒ
1295;[crab];8;ğŸ¦€
1296;[MEGANOTICAS];1;[MEGANOTICAS]
1297;[dim_button];3;ğŸ”…
1298;[man_farmer_medium_skin_tone];1;ğŸ‘¨ğŸ½â€ğŸŒ¾
1299;[woman_farmer_medium_skin_tone];5;ğŸ‘©ğŸ½â€ğŸŒ¾
1300;[man_teacher];7;ğŸ‘¨â€ğŸ«
1301;[mantelpiece_clock];4;ğŸ•°ï¸
1302;[flag_in_hole];1;â›³
1303;[raccoon];3;ğŸ¦
1304;[WEBINAR];1;[WEBINAR]
1305;[DeclaraciÃ³n];1;[DeclaraciÃ³n]
1306;[fishing_pole];1;ğŸ£
1307;[Tunisia];14;ğŸ‡¹ğŸ‡³
1308;[alien_monster];1;ğŸ‘¾
1309;[oil_drum];1;ğŸ›¢ï¸
1310;[baby_bottle];1;ğŸ¼
1311;[repeat_single_button];1;ğŸ”‚
1312;[person_walking_medium_skin_tone];1;ğŸš¶ğŸ½
1313;[minibus];33;ğŸš
1314;[COMUNICADOS];1;[COMUNICADOS]
1315;[onion];1;ğŸ§…
1316;[person_feeding_baby_medium_skin_tone];2;ğŸ§‘ğŸ½â€ğŸ¼
1317;[DESTACAMOS];3;[DESTACAMOS]
1318;[cooking];1;ğŸ³
1319;[woman_tipping_hand_medium_skin_tone];1;ğŸ’ğŸ½â€â™€ï¸
1320;[tanabata_tree];3;ğŸ‹
1321;[stadium];2;ğŸŸï¸
1322;[woman_factory_worker];4;ğŸ‘©â€ğŸ­
1323;[alembic];1;âš—ï¸
1324;[woman_scientist_light_skin_tone];1;ğŸ‘©ğŸ»â€ğŸ”¬
1325;[woman_artist];2;ğŸ‘©â€ğŸ¨
1326;[couple_with_heart];1;ğŸ’‘
1327;[horse_racing];1;ğŸ‡
1328;[fork_and_knife_with_plate];1;ğŸ½ï¸
1329;[dark_skin_tone];1;ğŸ¿
1330;[man_juggling];1;ğŸ¤¹â€â™‚ï¸
1331;[INVESTIGACIÃ“N];1;[INVESTIGACIÃ“N]
1332;[ANUNCIO];1;[ANUNCIO]
1333;[technologist_medium_skin_tone];1;ğŸ§‘ğŸ½â€ğŸ’»
1334;[snowman];2;â˜ƒï¸
1335;[vampire];1;ğŸ§›
1336;[telescope];2;ğŸ”­
1337;[Motivos];1;[Motivos]
1338;[reverse_button];2;â—€ï¸
1339;[left_arrow_curving_right];1;â†ªï¸
1340;[REVÃVELO];1;[REVÃVELO]
1341;[palm_up_hand];1;ğŸ«´
1342;[kangaroo];1;ğŸ¦˜
1343;[2];1;[2]
1344;[transgender_symbol];3;âš§ï¸
1345;[orange_book];4;ğŸ“™
1346;[locked_with_pen];1;ğŸ”
1347;[Compartimos];3;[Compartimos]
1348;[deaf_woman_light_skin_tone];3;ğŸ§ğŸ»â€â™€ï¸
1349;[man_teacher_light_skin_tone];1;ğŸ‘¨ğŸ»â€ğŸ«
1350;[ğ—£ğ—¥ğ—˜ğ—¡ğ—¦ğ—”];1;[ğ—£ğ—¥ğ—˜ğ—¡ğ—¦ğ—”]
1351;[lizard];1;ğŸ¦
1352;[woman_construction_worker_medium_skin_tone];1;ğŸ‘·ğŸ½â€â™€ï¸
1353;[card_index];1;ğŸ“‡
1354;[CAÃ‘ETE];1;[CAÃ‘ETE]
1355;[sunset];1;ğŸŒ‡
1356;[in];1;[in]
1357;[man_red_hair];1;ğŸ‘¨â€ğŸ¦°
1358;[keycap_10];4;ğŸ”Ÿ
1359;[bookmark];1;ğŸ”–
1360;[diya_lamp];1;ğŸª”
1361;[palms_up_together_light_skin_tone];1;ğŸ¤²ğŸ»
1362;[people_holding_hands];1;ğŸ§‘â€ğŸ¤â€ğŸ§‘
1363;[Reportaje];4;[Reportaje]
1364;[Finland];2;ğŸ‡«ğŸ‡®
1365;[vertical_traffic_light];1;ğŸš¦
1366;[family_man_woman_girl_boy];1;ğŸ‘¨â€ğŸ‘©â€ğŸ‘§â€ğŸ‘¦
1367;[crayon];1;ğŸ–ï¸
1368;[woman_walking_light_skin_tone];1;ğŸš¶ğŸ»â€â™€ï¸
1369;[family_man_woman_boy];1;ğŸ‘¨â€ğŸ‘©â€ğŸ‘¦
1370;[family_woman_woman_girl_girl];1;ğŸ‘©â€ğŸ‘©â€ğŸ‘§â€ğŸ‘§
1371;[CONVERSATORIO];1;[CONVERSATORIO]
1372;[woman_mechanic];3;ğŸ‘©â€ğŸ”§
1373;[man_office_worker];1;ğŸ‘¨â€ğŸ’¼
1374;[unlocked];1;ğŸ”“
1375;[FOTOS];1;[FOTOS]
1376;[man_police_officer_light_skin_tone];1;ğŸ‘®ğŸ»â€â™‚ï¸
1377;[woman_medium_skin_tone];3;ğŸ‘©ğŸ½
1378;[woman_light_skin_tone_curly_hair];1;ğŸ‘©ğŸ»â€ğŸ¦±
1379;[black_large_square];1;â¬›
1380;[tongue];1;ğŸ‘…
1381;[ribbon];1;ğŸ€
1382;[Agenda];1;[Agenda]
1383;[conservadora];1;[conservadora]
1384;[man_farmer_light_skin_tone];1;ğŸ‘¨ğŸ»â€ğŸŒ¾
1385;[sigue];1;[sigue]
1386;[Antarctica];2;ğŸ‡¦ğŸ‡¶
1387;[mermaid];1;ğŸ§œâ€â™€ï¸
1388;[woman_feeding_baby];1;ğŸ‘©â€ğŸ¼
1389;[map_of_Japan];1;ğŸ—¾
1390;[Scotland];1;ğŸ´ó §ó ¢ó ³ó £ó ´ó ¿
1391;[nosotros];1;[nosotros]
1392;[man_pilot];2;ğŸ‘¨â€âœˆï¸
1393;[man_light_skin_tone_white_hair];2;ğŸ‘¨ğŸ»â€ğŸ¦³
1394;[bubble_tea];1;ğŸ§‹
1395;[heart_hands_dark_skin_tone];1;ğŸ«¶ğŸ¿
1396;[olive];2;ğŸ«’
1397;[supervillain];1;ğŸ¦¹
1398;[basket];1;ğŸ§º
1399;[videocassette];1;ğŸ“¼
1400;[restroom];1;ğŸš»
1401;[honey_pot];1;ğŸ¯
1402;[woman_student_medium_skin_tone];1;ğŸ‘©ğŸ½â€ğŸ“
1403;[watermelon];1;ğŸ‰
1404;[envelope];1;âœ‰ï¸
1405;[articulated_lorry];1;ğŸš›
1406;[DECLARACIÃ“N];1;[DECLARACIÃ“N]
1407;[Bouvet_Island];1;ğŸ‡§ğŸ‡»
1408;[ear_light_skin_tone];1;ğŸ‘‚ğŸ»
1409;[CL_button];1;ğŸ†‘
1410;[trade_mark];1;â„¢ï¸
1411;[Haiti];2;ğŸ‡­ğŸ‡¹
1412;[woman_pilot];1;ğŸ‘©â€âœˆï¸
1413;[woman_astronaut];1;ğŸ‘©â€ğŸš€
1414;[couple_with_heart_woman_woman];1;ğŸ‘©â€â¤ï¸â€ğŸ‘©
1415;[lotus];1;ğŸª·
1416;[Pakistan];1;ğŸ‡µğŸ‡°
1417;[sun_behind_large_cloud];3;ğŸŒ¥ï¸
1418;[CHILEVISIÃ“N];1;[CHILEVISIÃ“N]
1419;[airplane_arrival];1;ğŸ›¬
1420;[antenna_bars];2;ğŸ“¶
1421;[2de2];1;[2de2]
1422;[pouring_liquid];1;ğŸ«—
1423;[PRENSA];1;[PRENSA]
1424;[motorized_wheelchair];1;ğŸ¦¼
1425;[man_medium_skin_tone];1;ğŸ‘¨ğŸ½
1426;[white_cane];1;ğŸ¦¯
1427;[InvitaciÃ³n];1;[InvitaciÃ³n]
1428;[farmer];1;ğŸ§‘â€ğŸŒ¾
1429;[woman_medium_skin_tone_beard];1;ğŸ§”ğŸ½â€â™€ï¸
1430;[woman_medium_skin_tone_red_hair];1;ğŸ‘©ğŸ½â€ğŸ¦°
1431;[woman_light_skin_tone_blond_hair];1;ğŸ‘±ğŸ»â€â™€ï¸
1432;[CINE];2;[CINE]
1433;[tornado];3;ğŸŒªï¸
1434;[raised_back_of_hand_light_skin_tone];1;ğŸ¤šğŸ»
1435;[selfie_light_skin_tone];3;ğŸ¤³ğŸ»
1436;[FREE_button];1;ğŸ†“
1437;[judge_light_skin_tone];1;ğŸ§‘ğŸ»â€âš–ï¸
1438;[person_getting_massage_medium_skin_tone];1;ğŸ’†ğŸ½
1439;[sparkle];2;â‡ï¸
1440;[hotel];1;ğŸ¨
1441;[potted_plant];1;ğŸª´
1442;[llevamos];1;[llevamos]
1443;[woman_in_lotus_position_light_skin_tone];1;ğŸ§˜ğŸ»â€â™€ï¸
1444;[LOM];1;[LOM]
1445;[bikini];2;ğŸ‘™
1446;[ice_cream];1;ğŸ¨
1447;[woman_supervillain];1;ğŸ¦¹â€â™€ï¸
1448;[Columna];1;[Columna]
1449;[goggles];1;ğŸ¥½
1450;[foot_light_skin_tone];1;ğŸ¦¶ğŸ»
1451;[water_buffalo];1;ğŸƒ
1452;[brown_circle];2;ğŸŸ¤
1453;[PLEBISCITO];3;[PLEBISCITO]
1454;[joystick];2;ğŸ•¹ï¸
1455;[abacus];1;ğŸ§®
1456;[white_square_button];1;ğŸ”³
1457;[detective_light_skin_tone];1;ğŸ•µğŸ»
1458;[man_feeding_baby];1;ğŸ‘¨â€ğŸ¼
1459;[family_man_woman_girl_girl];1;ğŸ‘¨â€ğŸ‘©â€ğŸ‘§â€ğŸ‘§
1460;[night_with_stars];2;ğŸŒƒ
1461;[postbox];1;ğŸ“®
1462;[lobster];1;ğŸ¦
1463;[AUDIO];1;[AUDIO]
1464;[deaf_man_medium_skin_tone];1;ğŸ§ğŸ½â€â™‚ï¸
1465;[family_man_woman_girl];1;ğŸ‘¨â€ğŸ‘©â€ğŸ‘§
1466;[video];1;[video]
1467;[white_question_mark];1;â”
1468;[woman_gesturing_OK_light_skin_tone];1;ğŸ™†ğŸ»â€â™€ï¸
1469;[Costa_Rica];1;ğŸ‡¨ğŸ‡·
1470;[man_standing_light_skin_tone];1;ğŸ§ğŸ»â€â™‚ï¸
1471;[2020];1;[2020]
