Mapudungun,Traduccion
,
,
,
,
ñi chawem  ,mi finado padre\n
,
,
,
,
,
,
,
ñi chawem tenia como ochenta ,mi finado padre tenia como ochenta \n
,
,
,
,
,
,
,
,
,
,
,
,
,
,
,
,
,
,
,
kidu ñi chaw noise chawem latuy,"Mí padre solito, murió.\n"
ñi fotüm em ,el que era mi hijo\n
,
,
,
,
,
,
,
,
,
tañi chaw tañi chawem ,el padre del que era mi padre\n
pingi tañiabueluyem ,Dicen de mi abuelito\n
,
,
pikevuy tañi chawem y küme kimpan tañi ,decía mi padre y era de buena procedencia mi\n
kuyvi ta veyta veypikakevuy ñi chawem ,Antes estos no se decía mi padre\n
,
,
,
,
,
,
,
,
,
,
,
ñi chawem vemkiaymün,mi Padre eso deben decir\n
,
,
,
,
,
,
,
,
kidu ta pütramu ta elpueyu tañi chawem pikefuy,"por su estómago, lo dejó, su difunto padre decía\n"
,
,
,
,
,
mongey tami  chawem ,vivio su padre. \n
pütake trem fanteki tati kewün,crece mucho dicen \n
mapuche llemay fütra kuyfiche elkelafuy dunguyem ,El mapuche hace tiempo que ha dejado esta idea\n
tañi cough tañi nanüngem ,Me atendia mi suegra\n
fey ta kom mongeli kutrankelay piwiengünem ,"estan todo vivo, no se enferma se dijeron \n"
kidu fem tañi pintun  ,Salo dicen eso.\n
lawenem ,El remedio era\n
spauta vem kontupay ,entro así\n
ka travoyem che ,también cuando se tritura la gente \n
trafoyem ,cuando se tritura \n
ta vüchake che em ,la finada persona anciana \n
lüfiyem kay che ,Cuando se quema la gente \n
feyti kay rüngül piluniem ,esa secreción de la oreja \n
kiñekemu müñetuyem che ,Mucha veces cuando se baña la gente \n
koniyem ko ,cuando le entra agua \n
tofillem lawen pütuken pifiñ,cualquier remdio tomo \n
fey tofillem  eda puwi feytimu pichikeche ,"pues llegaban de todas las endades ahí, niños \n"
tofillem puukefuy feyti machimu,De todo llegaba ahí donde la  machi\n
fey kintuafun itrofillem lawen,y buscaría toda clase de remedios\n
feyta kalkungekefuy tañi püta abueluem karikondio pingeki,era kalku mi difunto abuelo Karikondio dicen \n
ñi kude abuelayem feypikefuy ,mi difunta vieja abuela decía  \n
ñi lamuenem latuy piki ,donde mi hermana muerta decía \n
spaparece ngelme ñi lamuenem piki fey ,parece que lo llevaron donde las hermanas decía \n
noise fey  spacafé noise uhm  feyti kay uh kiñekemu spainfeccion niem kay ,El café y ese en algunas infecciones tiene y \n
wünerkeafuluem inche kidu ,Hiba primero yo sola \n
kümepelafuyem ,Podria aver sido bueno \n
dond elo watral küpavuy tañi abuelaem ,de muy lejos vino mi abuela\n
ta pingekeuy kuyfi veyta ütrirmangen tañi domoem ,decian ante envidiaron mi mujer era\n
vem pultrunuiñ noise mekekevun spapor spaahí spacerquita,Me colgue hacia por ahí cerquita\n
uh rupakey ta pukem ,Han pasado inviernos\n
feyta pukem pikefiyiñ ,entonces el invierno le decimos\n
küme pukem ta elumuayiñ,denos un buen invierno\n
tüfamu ta kürüfkauyem ,aquí cuando hay vientos\n
kümengetuayem ,para tener dias buenos\n
fey tüfamu ta rume ta kümetuyem ,entonces aquí cunado se mejoran los dias\n
fey tüfa ta weküfü ta trafngeyem ,Es cuando uno se encuentra con el diablo\n
ta tukunuyiñ pukem ,tenemos en el invierno\n
doy pu trem pu domo tañi kudeke papay feymu ,a los más jóvenes las mujeres a las ancianas \n
fey fem feleatun ,eso así estoy \n
lawentulekeafun pukem kay tati  ,estaba con remedio  en el invierno si pues \n
feymu ta nasefuy feymu ta tuyfuy tañi fücha abueluem ,Por eso nació entonces mi difunta abuela.
llanküyem femngecki,cuando cae de esa forma.\n
spafueyem kuyfikecheyem ,los antiguos llevaban \n\n
iñche iñ  tañi kukuem ,y mi difunto abuelo \n
kuyfi dunguem ,eran palabras antiguas \n
mülefuyem kuyfi tüfa,que estaban antes estas\n
feypikavuiem pütakeche ,así decían los viejos \n
tañi mongekem ,que nos da la vida \n
feypiki tañi chawem ,así decía mi difunto padre \n 
lütraletuki pu pewenem ,\n
chi pewenem tüfa ,las araucarias estas \n\n
chumvuyiñem iñchiñ ,que hicimos nosotros \n
tañi chawem ,mi difunto padre\n
mapuem saltiavingün ,la tierra lo asaltaron \n
feyta piam spareserva indigenayem kuyfi ,así le decían reserva indigena antes \n
cerravemingün mekevuyem ,cerraron altiro \n
apümfi chi boskem ,a acabar con el bosque \n
spadepue fey apümfinluem kechatuavel ,después que lo acabaron lo iban a echar   \n
ta püta kamarikunem ,y entro con una rogativa \n
pukem koni ,"En invierno entró, \n"
vey wüñotuchi pukem ,Y al volver el invierno \n
noise chumül ta feypivenu tañi lamngenem ,"En días pasados me había dicho mi finado hermano,\n"
tañi lamngenem tañi lamngen ,"mi finado hermano, mi hermano,\n"
ütrüflayaymu ta chau puulukem ta  müten ,el gran padre no nos ha abandonado \n
kiduem fütakeche ka ,ellos los antiguos \n
fütra chawem ,a Futra Chawem\n
fem tripay anay peñi,de esa forma sale pues hermano\n
kidu negaunuleyem ,si el no se huebiere negado\n
walüngem ,En verano.\n
feymu dunguñpeenu tañi chawem ,entonces  con él habló por mí mi finado padre. \n
tañi chawemuem ,"por la intervención de mi finado padre,\n"
piren feyta pükem ,"La nieve, esta en el invierno \n"
tüfa fey fey mucho kuyfi fem rume durawi,"y este, antes cualquier cosa duraba mucho\n"
chunte  mekefuy em tüfey,cuanto hacia pues ese\n
ñi kukuem ta ,mi fina abuela paterna \n
trawünkillem mapu,reunimos la tierra\n
ñi chawem ,el que era mi padre\n
kimlan tem chume kim papeltulan ,no sé nada no se leer\n
kim papeltulan kimlan tem chume ,no sabía estudiar no sabía nada\n
kuyvike machiem ,de la machi de ante \n
pütake antikuo machiem tati noise ,que era machi de muy Antigua \n
ñukentuem noise antikuo machi ,que era la tia una machi Antigua \n
pikevuy ñukentuem nütramkakevuy,decian mi tia conversaba\n
pikevuy ñi nütran ñi ñukentuem ,decia en la conversación mi tía.\n
rey mapuem ,que es rey de la tierra \n
tañi spamamá kompa püllüem noise ,mi mamá le entro el espiritu \n
inche ta we trem noise püñeñ wüla ta inche,yo soy criatura recien crecida soy\n
we trem nga inche anay lamngen noise ,soy joven pues hermano \n
noise vey tüva wül noise inche nga we trem ,eso ahora recien yo soy joven \n
tüfa ni furiyem pi ,aquí hasta mi espalda dice\n
faw tüfa kutranki furiyem ,por aquí la espalda duele\n
inche ta tachi pukem tünlan tati,yo en este invierno no toque ese\n
nem puro weküfu    no mas chaw,era el puro espiritu maligno padre \n
fem kidu ka femki  pu,"sí, así le pasa solo. \n"
ka fem tripaki che pingi,uno lo va heredando dicen\n
fey chi füta wentruem femyawfuy ,"ese viejito así andaba, hasta el final,  \n"
pu anka küchawi chi füta wentruem ,se estaba bañando \n
pürüm machitungerkeafuyem  pu ,"rápidamente se le iba hacer machitun,\n"
fey femfuy ñi pichi wentruem ,eso le paso a mi niño\n
inche ngemen miawkakefun em  ,"Yo el otro día fui después de andar harto,\n"
feley peñi fem femi llemay,"Así es hermano,\n"
fey chumngen rume kosechamu walüngmu o pukem rume,"ya sea en tiempo de cosecha en verano o invierno,\n"
feyta feypikefuy feypikefenu tani chuchuem pikefuy,"Este entonces decía, que su abuela le contaba\n"
tañi chuchuem pikefuy pekefenu,vendrán muchas enfermedades me decía mi abuela\n  
ta chi füta wentruem feyti feypipeyu nga,"por ser hombre te digo esto, \n"
re fem küwümu tukevi müten,en la mano no más le llega \n
ruem wechañmawfuy ka,Se había puesto grave.\n
pamuyem ka llemay che,Antes le daba pasmo a la gente también.\n
fey ñi kukuem feypi ,la abuela materna le dijo \n
kiduem kimnieñmalanu iñ kutran tüfa ,"él no me conocio la enfermedad este, \n"
pivunem fey kiñe rume,dije  ni una sola persona \n
ñi chawem entukefuy ,mi padre sacaba \n
feymu ta hcem opital müli,así que hospital hay \n
choykenge choykefe ñi chawem ,era choyque hacia chiyque mi padre \n
füta kolomallem allküpafimi,\n
 poma fem küme tripaleaymi küme,Ojala te salga todo bién....\n
tükun korü kom inmukefuinem tati ,"Sopa de locros, todo lo comíamos.\n"
ta inche rume pikefiñ pu trem kudeke ,es que yo les digo mucho a los mayores\n
püllü pu trem fütake che fütake ,anciana los ancianos mayores\n
kümkeñ piavuluem mapudungunmu ,Kümkeñ deberia decir en mapudungun \n
tüfi ñi longko kutraniem kimlafimi ,hace tiempo que me dolía  la cabeza no sabías \n
fem fey tuy tiychi kutran,tiene esa enfermedad\n
porque inchiñ tañi kimün ta elerpuy uh tañi fütacheem ,porque nosotros sabemos lo que nos enseñaron nuestros padres\n
prendeor ngillakünulelfenew tañi chaw em ,prendedor me dejo comprado mi pápa\n
tukutukuleafiel em tati,usaba en aquel tiempo\n
tañi chaw em ,mi elfinado padre\n
rume kümekünufenew em ,Te dejo muy bién \n
fey ka katrtuniem iael fey ,por eso no estoy comiendo \n
doy eluwelu doy em konkealu llemay,aun mas me afecto \n
doy em konkülealu ,con mayor profundidad\n
tañi kutran fem tripay ,salio asi su enfermedad \n
penuayem lawen fey uhm,cuando no vehía remedio\n
niem che ini chi tañi uhm ,cuando tiene las personas nose de quién \n
ula fey ula fem tripakefuy tañi ñuke ,después recien salia mi madre\n
trafentuyem pichikeche uh ,cuando afecta a los niños chicos\n
tem pielngenga pielngenga ,me dijeron  \n
tem dungu rume pienu chi machi ,pocas palabras me dijo la machi \n
pichi pu trem domongele  ,es muy chica cuando sea una mujer \n
ta niepen anüwem fantepuy ,apenas me sente hasta ahí.\n
 fem rumi ñi kutran ,así hizo mi enfermedad\n
tüfa nieyem kiñekemu ,ahora tengo a veces\n
nieyem feymu küpakey fey,lo tenemos que con ese se pasa.\n 
fey iñche kutran foroyem ,cuando a mí me duele mi muela\n
ngenoyem  posta ngekelafuy,no habían posta \n
llankoyem lonko ,Para la caída del cabello \n
afuken rume areyem vey tañi trükoken ,.se cose mucha calor ahi se junta\n
wadkümngiem ,.Se hierve\n
tañi ka weda sirkulakem noise ,.por circular mal tambien\n
vemngechi pütrem utruntukumeki ,.asi cigarro se le ponia\n
veymu kobraki machi lawentuem spa,.por eso cobra machi remedio \n
spabueno spagracia chawem spa,Bueno gracia a tu finado padre\n
pütremangi feyta pütrem tukulelngi,se fuma este como cigarro se coloca.\n 
pütrem tukulelngi feyta pitrun konki feytichi,Se coloca commo cigarro este como cigarro entra ese.\n 
ka tripa ka tripanüem nütram wingka ,La gente de afuera conversación huinca\n
küme pukem ,buen invierno \n
rupan ikünüyem che ,\n
pukem spaespecialmente spasi spapu ,En el invierno especialmente si pues \n
ta uh allfüyem peñi ,se accidentan hermano \n
ñi fücha chawem akuy,mi finado padre llego\n
feypilleneu mayta ñi fücha chawem ,eso me dijo mi anciano padre fallecido\n
ñi fücha chawem tati ,mi anciano padre fallecido pues\n
trem che,"gente adulta,\n\n"
kam kimnielu chumuechi katrütukem kutran ,"o los que saben como combatir la enfermedad,\n"
pütrü müna mañosongefuy taiñ chawem ,Era muy mañoso  nuestro padre.\n
inche tañi fütra wentruem kellukefenu ,"A mí, mi  finado marido me ayudaba.\n"
wüne fütalngelkawi tañi chawem ,"Primero se casó mi finado padre,\n"
feymu na adnentuwtuy tañi püñeñem ,entonces  imitó en mi finado hijo \n
vey machivelem ñi ñuke inche ,"y era machi mi madre yo,\n"
vey tañi wese papay em ta feyta ,pero mi querida abuelita tambien  \n
tem rume kay  ta,y ninguna cosa eh.\n
pekelan ta inche tem no rume ,No eh visto ningun cosa pues \n
arem uh vamngen müleki  pu,"En la calor, esta fecha se encuentra pues. \n\n\n"
tem dungu wechake dungu rume mülelay tami lofmew ,que existe cualquier problema mala en la comunidad \n
veyta ka mongelefuy ñi chawem ,también mi padre no participaba \n
fey ñi namunem ,por mi pies era\n
elunengen pewmafen ñi machingeavelem ,"me tuvieron dando sueño, para hacer machi\n"
fey ka kiñe llüpem  ñamümtuviñ ,También en una ........... lo perdí\n
ka kiñe llüpem ñi follentumu tati,y una ......................canelo \n
tüfayem ta kutrani ta che ,ahora lamentablemente  se enferman la gente\n
vey tañi katrüngeafelem ta vill anümka,eso  para  controlarlo   los varios  arbusto \n
inangi chi trem ,los menores edad \n
tañi elfelem ,el que dijo \n
küme ngütramkayawiyem ta che,cuando anda conversando de buena fórmala persona\n
mawayem kimkefuy pürüm pingey,se sabe de inmediato si va llover se dice\n
mawayem fey maway pingekey,"Cuando va llover, va llover se dice \n"
rume atregngelu kay miauyem wente pire che,"como es muy helado el granizo, del cual uno anda encima. \n"
müleyem femngechi welngin,Cuando hay safadura así \n
feyta pütremngi feychi pütrem ,entonces lo quemaban y ese quemado \n
fey pütrem mu deuma pütrem mangi pilun fey mongetukefuy ,cuando ya le echaban lo quemado el oido ese se mejoraba\n
fey müleyem nga mülekefuy nga kuyfi nga tralkanmu ,eso cuando hay habia era antes  con el trueno\n
pingekefuy nga tichi tralkan nga tiempumu hay allküyem ,le decian era el trueno era en el tiempo que se escuchaba\n
kutraniem foro,cuando dolia la muela \n
ka kiñeengüntu pukem miawi tipüle felen ,y también algunas veces en el invierno anda por ahí \n
fey rume kutrankawki che peyem ,y ahí  sufre mucho la gente pues\n
tifu kutranmu perdey ñi chauem  pu ,de la enfermedad del tifus murió mi padre pues.\n
femuechi perdey ñi chauem  pu,Así falleció mi padre pues.\n
 que ñi chauem  pu,que mi finado padre pues.\n 
inche ñi chauem veyta perdey,"Mi padre murió,\n"
mülekefuy ñi wekuem ,"estaban mi finado tío,\n"
pu ñukentuem ,"mis tías,\n "
tüfa ta ñi topelem pi ,aquí en mi cerebro dice\n
ngerkefuy pilay tañi aguelu em fey trari ,tenía no quiso mi finado abuelo y le amarraron\n
ta kutran dulliniey ta kidu em re pekan ,al enfermo lo elige solo pues y no cualquiera\n
fey wingka kimlay  pu fey kidu em welu ,"eso el huinca no lo sabe pues y solo eso pero,\n"
inche ta femuchi küdawem am nielu ,Yo así es el trabajo que tengo \n
inviernumu pu pukem tripaki,en el invierno pues sale.\n 
pukem doy elukiam pukem,Invierno mas se da invierno.\n 
yegeneu tañi pücha chawem ,me llevó mi finado padre \n
püchakecheyem ngillatuayem ,las personas de edad. \n\n
ketramapukevuy tañi chawem ,haraba la tierra mi papá\n
seuma trari manchun chawem ,ya cuando enyugaba los bueyes mi finado padre\n
vey inayawülkevun tañi chawem ,y andaba detrás de mi finado padre\n
ka kotuyem pürüm kutranki,Y cuando se moja de inmediato se enferma.\n 
kutranyem kuyfi ,cuando se enfermaban antes\n
fey fem künumi würküwelafiñ,eso lo dejé así no lo mandé más....\n
pukem tati rume wedalekefuy kuyfi ,en el invierno pues antes estaba muy malo. \n
kuyfiem pingen ta ta,como antes dicen pues.\n
kutranlu em femngechi repente kutranrumey,derrepente se enfermó de esa forma\n
ta uhm welngiyem che ,donde se viera la gente\n
trafoyem chumechi mongeluwkefuy che tüfamu ,cómo se mejoraban aquí\n
müleluem kimpan inche kim wingka dungulafun,"cuando estaba vine a conocer, no sabia hablar en chileno\n"
fem tripawi ti kutranpeka,asi salio alli la enfermedad pues.\n
kom küem pelo nieymi kom ,"toda su vista buena tienes, todo pues.\n"
fey poypoyem che throat,Sé incha la gente con eso.\n
tripayayem eymin,Si sale usted.\n
pewmayem küme miawki,si sueña anda bien.\n 
veyta weya yawayem che,eso es cuando va a andar muy mal la persona\n
ka amuleyem che chewpülw rume,también cuando va la persona por cualquier lado\n
kümeyawayem kay patayme,"si va andar bien, el ..........\n"
kom mawelayem mawelkevuy,"todo, para hacer llover, hacían llover,\n"
kütraltukiyin piki ruem weya sufri,"nos enfermamos decía, sufrimos mucho.\n "
pukem ,en el invierno \n
chumlanu tem dume ,No me hizo nada \n
uh akuayem mapumew,que llgan a la tierra\n
wütrintu kavuyem ,\n
inche ñi chawem ,mi finado padre \n
ngütramkalpanew tañi chawem ,me vino a conversar mi finado padre \n
ruem kupay asucura,se pasa mucho azúcar \n
newen trem niekeperkefuy che kuyfi,crecía con fuerza  la gente ante.\n
ta tun inche tañi chawem ,entonces yo mi padre\n
pukem adümuwinga ti vey ayekawi pingelama,en invierno aprende tambien para deleitarse\n
trafentuyem chi pichi che may ,así si se encuentra con trafentu un niño\n
fey este hojaleyem chi pichi che ,sí este esta ojado el niño\n
tukulelngeki lili trapayem ,Si le colocan y le machacan esos\n
fey lif mongeyem ,así sanamente se mejora \n
awem tüfi küla trapi ,Así es con estos tres de ají.\n 
nentuymangeyem chi kutran ,cuando ya se le he sacado la enfermedad.\n
awem entuymangi ñi as namun ,Y así le sacaron la forma del pie\n
awem fey tüfi yif sew femlu ,Y así es esto ya lo hizo \n
fey hoja leyem fey tüfey ,Si ésta está ojada\n
hoja leyem may feymu mongetuki ,"Si está ojada pues, se mejora.\n"
mongeyem ñi hoja lem ,Se mejora de su mal de ojo \n
tukungeyem chi trapi kütralmu ,si se coloca el ají en el fuego\n
uh nümünoyem ,si no está pasado \n
fey kimgeki ñi hoja lem ,así se sabe si esta ojada \n
kimngeyem hoja lem ,si se sabe que está ojada \n
feyti wesa lelingeyem che ,así por la mala mirada de la gente\n\n
kam sakingeyem illkulen ,o una niña regalona que esta contenta \n
weda leli ngeyem ,Por la mala mirada que le llevan \n
ka ayitukangeyem ,o que lo queren lo festejan\n
uh tripayem pun ,que salen en la noche\n
awem a pichike che müten hoja pi ,Así los niños no más se ojan dice\n
itromeem nge kiñe che ,le entra una mugre en el ojo a una gente\n
avece koniem ,a veces entra\n
kam pülü chi konyem ,o una mosca esa dentra\n
fey wüniem ,así en la amanecida\n
feyentufinoyem chi lawen ,llevara más en consideracion ese remedio\n
kiñe che tukuyem ,una persona se lleva dentro \n
trafoyem che ka müli lawen ,Cuando se quiebra la gente también hay remedio. \n
mülpün müleki uh kütraltuyem che nga ,El ollin esta en el fogon de la gente\n
kütraltuyem müten che ,En el fogon de la gente no más\n
fey kurü ki chi pichike mamüll pitruntuyem ,es negro los pequeños palos que llevan las tiras \n
feyentuyem feyenturki chi lawen ,Si se lleva el correcto correcto el el remedio. \n
feyentungenoyem mongelchekelay pingeki ,Si no es correcto no se mejora la gente se dice\n
awem wesakunurkefuy tami chaw tüfey ka ,Y así no le habra entrado algo mal a tu padre este.\n
feula pichi kiñepchi che uh naceyem müten ,ahora algunos niños apenas nacen no más\n
amuchimo pikefuy ñi chawem ,decía su difunto padre \n
akuy ñi chawem ,llego mi difunto padre \n
o    eso ke iñche ñi chawem ,o eso que mi difunto padre \n
cheu mülekefuy pücha nawelem  ,entonces por donde estaban el gran difunto Nahuel\n
pingekinga tami awelaem nga ,es lo que decía tu difunta abuela \n
chuem tripalu müten ,solamente para salir \n
fey pablu pingi ñi lamuem ,y Pablo se llama su hermano \n
feyti eymün kuyfi kutran yem ,Eso ustedes antiguamente con las enfermedades \n
petu ngenoyem tripal ,cuando todavía no había hospital \n
pekakevuy ñukey em wadkümki lawen ,lo he visto a mi mamá que hace hervir los remedios\n
küpangevun ta ñukentuem ,que Sali de la que fue mi  tia\n
spaporque inche tañi mamay em ,Porque mi mamá \n
mollfüñem ta newengewelay ka ,la sangre ya no tiene fuerza también.\n
feyti uh femnoyem feyta,éste si no lo pasa\n
kimlan ñi chawem ,no se mi padre\n
fem femillemay,Como que hacen eso sí\n
plataem llemay ,Si es plata pues \n
datuki kutran tati chaw datungeyem ,satun se hace al enfermo padre 
vey vewla datungi kutran datungeyem vey ,"ahí ahora le hacen satun al enfermo ese,\n"
lonko ngeal llamkümyem vey ,de la cabeza para que no se caiga eso\n
küymiyem machi kidu ,Entra en trance la machi sola \n
chi kutran vey veypiyem amupe ka ,La enfermedad eso dijo que siga también \n
müleyem ngen lawen ngenkülelu lawen ,"hay dueño del remedio, tiene su dueño el remedio\n"
müleyem ngen lawen ka müleki lawen ,Había dueño del remedio también había remedio\n
müte ngewelay kintuntungeyem ,No hay mucho se debe dejar buscado\n
anümka pukem vey pichi müley chi ,planta de invierno eso hay poco \n
fey kuye suegraem elukefenu nga ,"mi anciana suegra me daba pues,\n"
piuke wiyem peno veyta laki ta,Corazón creo ahí fallece la persona.\n
piukemu koniyem laki che pingelay ,Cuando entra en le corazón fallece la persona dicen\n
fey ka ñi vemngechi piyem ta feyta ,Y así también dicen eso\n
fem ñi ellkaneal dungu che,de esconder las cosas la gente \n
tañi wekuem ,mi finado tío \n
spano ngelay küdaway ta pütakecheem ,No no había de trabajar los antiguos \n
ta domo ta layem ,una mujer hizo morir \n
ta wiliem ta korü ,cuando dan su comida\n
chi machiem mülefuy,esa machi que había \n
chollem pi kidungünew ta kimngekelay pi ,"así no más, por su propia cuenta no se sabe dijo \n"
dallem ñi lawenengün ,le daba un remedio a ellos\n
tañi longkoem ta ,así su cabeza \n
inche tañi mamaem ta veypienu ,mi finada mamá a mi me lo decía \n
feytimu ñi chuchuem  llepay ,mi abuela de allí vino a buscar \n
tañi chuchuem tañi matronallem ,"mi bauela, la que era mi patrona\n"
püta chellem püta chaw diomu ta ,a los mayores el gran padre dios \n
tañi mamallem ta anüñmakefenu,Mi tío me ayudaba.\n
kom kom fillem votillamu nieken ,"de todo, de todo tengo en botellas\n"
inche petu ñi ñukeyem petu mongeli,cuando mi madre vivia.\n
mülefuy em tati kimnelu  todo,"exístian los que sabian todo,\n"
perimontuyem che pingi,al ver cosas la gente se dice.\n
ta che kuyfiem metawe dewmakefuy piam,la gente antigua hacia cantaros dicen\n
mülikintukevuyiñ pukem palin,"habia, soliamos buscar en el invierno \n"
feyem kiñen trür küpalingün ,asi todos juntos  vienen. 
ruem yamkefuy ta folle,se habia perdido bastante el canelo\n
katrüfünyem müli kay lawen,Cortadura de carne hay remdio. \n 
uh inchin ta pütrake kimchefelem ta ,Nosotros somos grandes sabios \n
feymu mongeay tami trem che,así se va sanar su persona en crecimiento \n
pukem fentren pire müli ya ,"en invierno hay harta nieve ya,\n"
inche tañi chuchuem ñi weku ,mi \n
welu layem che lamngen tüfamu uh,Pero cuando las personas mueren acá.\n
gripeyem cheu amukeymün ,"cdo les da gripe, dónde van,\n"
ellakamu küme küdauleyem fundumu ,"al principio estaba trabajando bien en el fundo,\n"
re putrem ,sólo unos que están creciendo\n
femkefuyin feyem ti kuyfi fey kimpan  ,"así hacíamos antes, eso conocí\n"
re yeñmapayiñmu kulliñem ,sólo nos vino a buscar animales\n
kom kullinengey igual amuy chawem ,"se le pagó todo, igual se fue mi difunto padre\n"
ñi lamngen ngem lamngen wingkamu müley,"mi hermana, hermana está con los huincas\n"
pienu iñ mallem mallem ,"me dijo mi tío, tío \n\n"
ñukentuem may ,finada madrastra pues\n
ñekentuem fey feyentuwelayngün ,finada madrastra ellos ya no creyeron\n
ta yetuaymi kom pelotungem ,todo esto llevarás donde te observaron\n
paysanuem taiñ mollfüñ,paysano era nuestra sangre.\n
amuayiñ pingevuyem spa,vamos ir decían pues \n
kuyfi taiñ mapuyem spa,Ante nuestra tierra era \n
pikevuyem ,decía ante pues \n
mapumuyem spa,de la tierra pues \n
iñchiñ nge mapuyem spa,nosotros somos dueño tierra \n
re weche trem tremküleruputuyiñ ,puro jóvenes están creciendo \n
femngevuyem ka spapero ,"Eso se hacia pues, pero...\n"
feylle doy kümelevuyem ,Eso es más bueno era \n
fey femnoavelem ,eso no debería ser \n
pukem yal spa,para comerlo en el invierno \n
konki kom konkefuyem ,"Entraba, todo entrábamos \n"
inche tañi chawem ,mi finado padre\n
pichin tripantu nievuyem spa,Poco año tenemos \n
velekavun incheyem müten tati,así he estado yo nomás pues.\n
kümeki rume ütrirngeyem che ,"Cuando es bueno mucho se le envidia a la persona,\n"
küme amulem vey nielunga ñi üñfitungen ,"bien iba cuando tenía que me hicieron mal,\n"
tañi chawem tati,"con mi  finado padre pues,\n"
we wentrulevuy ta petuem ,"Joven hombre estaba todavía,\n"
pinküyem püra pütralu ürke ,pulsaba como si subiera mi estómago \n
müna kümiyem palu santüyenoam,también es muy bueno palo santo  es pues.\n
kullme koniem allfen mongekelay,Si la infección entra  la herida no alivia.\n
ñi ñi pücha aweluem ,mi viejo abuelo \n
inchiñ ta fantenmu ka fey ta pu trem kületuyin tati,y nosotros hasta aquí hemos ido creciendo pues \n
feyta inange trem llemay pu choyin,estos siguen pues de los hijos mayores \n
wemem müten taiñ pu malle,soy el sobrino más nuevo                                                                                                                                                                                                                                                                                                                           \n
fücha chawem tüfi inchiñ may,"mi viejo finado padre , nosotros aquí pues \n"
tüfita inange trem müten mülewi,aquí sólo están los menores que siguen \n \n\n
ñi püta chawem tati,mi finado viejo padre pues.\n
  ahora  pücha nawel em ka,"ahora el viejo Nahuel, también \n"
fem femi  pu,Eso pasa pues.\n 
wem poñi polüm wa ,"papas nueva, choclo cocido\n"
rupayem nellen,al pasar el aire\n
 este atruken cheu rume miawün miawüyem ,me  canso adonde  quiera  que  ando  donde  ando\n
femtre miauyem malle ,cuando  camino  harto  sobrino  \n
fey wüyüki ñi witruntuem ,me da mareo con el humo\n
femngechi wüyüki ni tukuyem ne wüyüken ,asi me da mareo cuando me los pongo  me mareo\n
femngechi tukeyem deuma doy wüyüki ñi lonko ,cuando los agarro ya mas se me marea la cabeza\n
ñi chawem konkefuy ngillatun meu ,mi padre entrava a la ceremonia \n
cheu ta tripapay tañi chawem ,donde salio mi padre\n
ta tripapay tañi chawem ta kuyfi ,salio mi padre antes  alla\n
kuyfi mapuche küpa maweliyem mawelkefuy pingi,antes los mapuche cuando quierian hacer llover llovia dicen\n
femekekefuy ñi fucheke küpayanem kuyfi,eso hacian mis mayores que eran antes\n
tüfichi ütriu kümefuy kutran kutranyem pütra ,ese quintral de boldo es bueno para el dolor de guata\n
femuechi anta mongelüukefuy ta pütakecheyem ,entonces asi se mejoraban los adultos mayores\n
feula ta newem felewelay rume ta femechi kutran ,Ahora no hay  no esta tan asi esa enfermedad\n
kümeyawiyem wele witalimi kay ,"entonces anda bien, si te lenantas por la izquierza  \n"
weda peumayem tripakelan peñi ,"si sueño mal entonces no salgo hermano,\n"
mongelem üdeyaulel ,Lo andaban trayando para que se mejorara \n
p feymu ta wimkefuy yem tati ,por eso se acostumbraban \n
kurü ñarki kay katrürupayem rüpümu ,Si un gato negro se atraviesa en el camino\n
küme dungu pieneu ta pukem peñi,es buena cosa me dijo en invierno hermano.\n 
konpuy pukem antü ,cuando entra el sol del invierno \n
señalayem señalakeyngün ,"los señalaban, señalaban \n"
señalayem katrüpilunayem tañi kullin ta che ,también la gente señala cortándole la oreja al animal \n
entungepakey püuyem ta tripantu,lo viene a sacar en el invierno \n
katrüpilunayem wüla ta che ,la gente le cortaba la oreja \n
piren nayem rarakükey ,Con el granizo como que hierve \n
fey mawayem kiñe tati ,y da vuelta pues \n
mawürkey feyta raraküle pukem ,Da vuelta y hierve el agua en invierno\n
iñchiñ tamu ngellipuayem ,Nosotros tenemos que rogar \n
ngütrüm mawünayem pingeyiñ ,para llamar la lluvia decimos \n
tañi ngellipuyem peñi ,en nuestra rogativa hermano. \n
perselu tañi lamngenem ,cuando lo perdio mi pobre hermana \n
kimiy mapuche pütrem ka ,sabe el mapuche del cigarro también \n
pütrem ka kimiy ka pülku ,"sabe del cigarro, también del vino. \n"
kangentungeyem ,cuando lo encuentra raro \n
fey püta chaw mayta tañi fem kunu peteu pi ,ese gran padre pues  que me dejo dijo \n
nienoyem kutran ,Si no tiene enfermedad \n
pepuyem ,cuando lo va ha ver \n
küdaumukefunem  ,si trabaja ante pues \n
putrem wentrulewen dewma ,soy mayor de edad ya \n
feymu dios fem llistuniyu y ,"ahí Dios lo limpia y, \n"
kimpafulu ta kom ngütramem ka ,se venian a conocer todos de la conversación.\n
tañi ñuke tañi chawem ,el finado padre de mi mamá\n
fem kom nieketufiñ ,así a todos los tengo \n
pu deu püuluyem ,cuando ya habían entrado\n
tañi puwüliyem tañi ,donde llegó pues \n
tupakenchi fey weñañgküleyem ,me entristezco \n
tañi ütrüfpuley tañi chawem ,estaba abandonado mi padre \n
femfiyem piken ka ,"por que le hice eso digo también, \n"
chumngechi che trokiukefuyem ,quizas que tipo de personas se consideraban \n
chumngechi tañi kontüukefelem ,quizas como se vistaban \n
fey tati pichikeche tati münakechi cheyem ,los niños ya no valorizan a la gente antigua \n
kom küme inanefile tati kuyfike dunguyem ,y si sigue todo bien los conocimientos antiguos \n
tañi kewün tañi pichikecheyem ka peñi ,la lengua a los niños chicos también hermano\n
fey tañi niafel tati  escuela feyem ta faltaley ta,"eso debiera tener en su escuela, eso es lo que falta ahora\n"
chumngechi tañi mongefelem kuyfi ,"de cómo era la vida antiguamente,\n"
kuyfi tañi chumlekefelem tañi fütakeche ,de cómo estaban sus antepasados \n
ta ruem weya winka kawkawi,ahora que se hacen muy  huinca\n
uh inche ayinen tañi nem ke,me gusta mi cuestión que\n
mapuche pingeyem ,cuando les dicen mapuches\n
ta akuyem ,cuando llegan\n
kiñekemu ta kutranchewyem engün ,a veces se ponen enfermizos a ellos\n
ti nafun nem pikingün ,me gustaría obtenerlo dicen\n
rüle pukem ,resfrío en el invierno\n
fey vey elungeyem trewa,"y eso, cuando  le dan al perro \n"
 porque uh  trekaleyem che,porque iba caminando la persona\n
inchin nam pewem ,nosotros nuestro pehuén \n
müleluam trawünkillem mapu inche ,como estoy siempre reuniendo en la tierra yo\n
pukem pu ,En el invierno pues.\n
pukem tripaki,En el invierno sale.\n
taiñ fütakecheyem noise  y ,de nuestro anciano y \n
fey kintukeiñ fey pukem taiñ lawentual tati ,eso lo que buscamos en el invierno para remedios\t\n
tañi tañi chawem ta iñche ,ami mi finado padre\n
ka feyem ta wedakünungetuy,la otra idea lo dejaron de lado
niefun tañi  familiaem tañi ñuke ta iñche ,alla estaba la familia de mi mama.\n
tüfiem chongi lawen ,... este remedio se apagando \n
petu mülelu anta pukem ta tüfa ,Todavía hay en el verano ... esto.\n
petu petu müli ta pukem tata ,"Todavía, todavía hay en verano tata\n"
petu mapuche pukem pi,todavía en el verano Mapuche dice \n
pütrem tukuyefingün ,le colocaron cigarros \n
feyti kiñe pichi che kutraniyem ngekelafuy pital ,y cuando se enferma una guagua no habia ospital \n
wingka pütrem tukuy ,Los huinca lo quemaron \n
ñi chaw em vey ,"mi Padre si un poco,\n"
kampüle che kutran ñi yem ñi longko,en otra parte la gente le duele la cabeza \n
ñi pucha püñmoem inche,a mí mi finado suegro. \n
pütake  pu cheiñiem ka,Las grandes personas mayores pues\n
spato spaese kom yiviem ta ,"todo eso, todo eso consumía\n"
ka kiduem nütrammu fün rüngi piki,también en la conversa frutos del colihue dice.\n
tañi feymu ta mongekeyevunem ,con eso vivían\n
kullüm ngüllu mütrem konlu ,.........piñones ..............\n
küme lawenem küme ,Buenos remedio bueno\n
spasino müleavuy ta kulliñem  che,sino no tendrían animals la gente\n
longkoyem arküy veta spade spa agua,las vertientes de agua se secaron\n
fem ,Todo.\n
padmuyem ,cuando te pasma\n
kiñekeyem pichike sirvikakelayngünam ,algunas veces serviráb un poco\n
ta weke trem ,estos recien crecidos.\n
kellupakelayngün kutranniem pichikeche ,no te vienen ayudar cuando se enferman los niños. \n
akuyem kiñeke kutran,llegan algunas enfermedades \n
trem wentru,"hombre adulto,\n"
ka küpatuayem  ,y cuando queremos volver  \n
pukem  hace faltaketuy,ya hace falta durante el invierno.\n
ngillandunguyem  tañi chau,cuando mi padre hizo el discurso del casamiento\n
lefluem fey tati ,el que corre ese pues \n
tañi chauem ,el que era mi padre \n
feyam pukem tati femiaukeyu,"como era invierno pues, andábamos así\n"
rangi pukem juniomu,"En pleno Invierno, en Junio\n"
kütralmu fem tukungele ,en el fuego y llegar y colocar\n
muñutungeki tüfi ta wakem ,\n
pikefuy ñi spaabueluem ,decía mi finado abuelo \n
tünkülen fem yekefun trükolekefun ,estaba tranquila todo llevaba estaba acurrucada\n
müna llükakefun fillayem ,sentía mucho miedo cuando estabamos pobres.\n
müli ta pewütün fem mülen ta dungu tati ,existe la observación porque así existen las cosas pues.\n
pülayvoki kafey noyke fürkem ti,foqui de pulai también no ves que es fresco ese.\n
fem mületuymüten  tati ,todo esta nomás pues\n
fürkem  pu koñintu ,"Es fresco pues, sobrino\n"
spaese tükun firkem tati ,ese locro es fresco pues.\n
firkem tati ,es fresco pues \n
fey firkem ta tukun tati ,Eso es sembrado fresco pues.\n
püta malle iñ flora iñ chawem ,mi tío paterno por el finado del papá de la Flora \n
tami chaw em pikefenew tañi ñukeyem,"lo sanaba mi papá, así decia mi madre\n"
kom trapumleyu tami chaw em pienu ,todo lo juntaba tu pápa me dijo\n
tañi ñuke em ka ta petu müte kimnolu ,mi madre tovía no sabe mucho\n
tulelu rüpü tukefenew kom tañi chaw em ,lo que estaba tomado del camino me hacia bien decia mi pápa\n
kimelkünuenu tami chaw em noise ,me daba a conocer mi elfinado padre\n
tami chaw em tüfey lamuen ,y tú elfinado pápa hermana\n
tañi chaw em re pewmamu ,Mi elfinado padre por medio del sueño \n
kom kimngefuy tañi chaw em pingi ta tüfey ,todo sabía mi elfinado padre\n
ta chi machiem ta faw ta akufufuy pu kayulmu,esta machi llegaba en la familia de lo Kayulmu\n
 depue femechi fem pewmalu,después cuando soño de eso\n
f ill longko pütrükefuy ni longko em ,todo el pelo era largo mi pelo si\n
fey inche ñi ñukenu em nangün ,así donde mi madre baje\n
katrü pütrayem che femuechi ,Corta el estomago la gente así es\n
felen chi longko kutran kay ti feymu fem noise ,Esta así la cabeza enferma así es por eso que\n
ñi lamngen em  tichi tiw kiñe mata ,mi hermanan había una de esas mata\n
ni lamuen em domingo ,mi finado hermano Domingo.\n
tañi ta juan de dio em ,mí tía Juana de Dios pues\n
ñi lamuen em amutuaymi mejor iyiw ,mi finado hermano te vas a ir mejor allá\n
yepayayu fentewe pirki ni lamuen em ,Te vendré a buscar dijo mi hermana pues\n
tachi wentruem fey tañi chaw em ,este hombre es mi  padre difunto \n
pulku em ufisha ilo danchu  ,"Vino pues carne de oveja, chancho\n"
trafiem feyengu mekey ni purun ,.en la noche ellos seguian haciendo purun\n
autin em ,.finado Agustin. \n
ngümayem ñi piti elaweni,lloré por mi pequeño hijo.\n
lüfiem che ,"Cuando se quema la gente,\n"
ilayin tem rume,...nosotros no comimos nada.\n
fem femuechi müten,todos así nomás\n 
fill dungu mülelayem ,"diversas ideas existen pues,\n"
alingem  tañi longko ,"cuando tiene fiebre su cabeza,\n"
rume kofiem ,"cuando se acalora mucho,\n"
rume alingiem ,cuando tiene la temperatura muy alta\n
fey dew putrem domoy,y cuando fue mujer grande\n
traukiyem may feychi ta trawüyu ta,"cuando se juntan pues, esa vez se juntaron.\n \n"
ngiyukeyem ,Se olvida.\n
müleyayem kimkerkefuyngün ,si hiba a ver sabian\n
feyem niekerkefuyngün ,y eso tenian\n
re weke iyal lem re mapumu ta tripalu muten,Nuevas comidas que salen de la tierra no mas.\n 
akuynga pukem wecha kaulay,"llego el invierno, esta malo  \n"
ta doy inche tañi chawem tañi trem,mas yo el criado por mi padre \n
ka müli longko kutraniem kuyfi ,.tambien hay dolor de cabeza antes\n
vem llimay lamngen ,.es asi claro hermana\n
fayiem iyagel chumkimueymün ,se fermenta la comida que los hacen \n
ruem fürkülu feyta ngüf willeñi ,enfriamiento que tranca la orina \n
ñi trüfoniem fey pütokon wadkümün ,mi tos tome ese hervido \n
femechi fey lelinewi feyem ,así lo están mirando \n
feyta wadkümelfin ta foyeem      ,así herví canelo\n
lawentuküfuyem ,queria hacerse remedio \n
pitruyem che ,al tener sarna la persona\n
ta pütokoñmual ta kutraniem ,debían beber al enfermarse\n
füskem piwkekeiñ ta ,Refrescamos el estómago\n
witrayem vey airetuy ,al levantarse hay toma aire\n
puruyem che ka,al bailar la gente también\n
inche tañi vücha malle em ka vey ka ,yo mí anciano tío también el pues\n
inche ñi chaw em rume tati epe ,mi finado padre pues casi \n
chawem ta newenngevuy newenngevuy,"finado padre tenía fuerza, fuerza.\n "
nütramyem yewengekerkelay ta kewün ,una conversación no le da vergüenza la boca\n
doy kümelekayafuyem pe ka,más estaria bien pues también. \n
kiduem femlay kiñekeñpüle femi  ,ellos no lo hicieron pasó ha un lado. \n
feyta kiñekem piwkallelamfemngechi ,"esto alguna veces le digo las palabras así,\n"
re pu spacampesino akuy em ,habían llegado puros campesinos \n
spaasí spaque müleyüm ni müley em  spatiempo,así que están donde estaba pues en un tiempo \n
tani pütakeche akuy em ,el que llegó dond emis mayores \n
akuy em ta mapuche dunguki,cuando llega habla en mapuche.\n
spay kiñekemu puyem ,y algunas veces cuando llegaban \n
feyngey feyngey  ta tani chawem ,"Así es, así es mi finado padre \n"
mawün pediem mawkefuy,cuando pedían lluvia llovía \n
rrumel rumel fey püta chawem ,"Siempre, siempre, esto el gran padre \n"
ffem femngeafuiñ may,Así nos harían pues.\n
kka fem ,También así.\n
ppüta chawem tani eluetew dungun ,Si el gran padre nos dejó el habla \n
püntü trem tripatuaymi pingen,a parte va a salir me dijeron.\n
chumeluchi nga ñi fem rumeal ,como me iba a pasar eso\n\n
trem küleyechi che,cuando esta creciendo la gente\n
yefem yenew trem lu,me llevo cuando creció.\n
ñasu felem ,la cuñada \n
pütrem lafuyngün,Artos muriron.\n
mañem kelu kay che nga,Agradece pues también la gente pues.\n\n\n\n
feyta pükem külekatuy ,en el invierno hay\n
ti veyta pükem püran peñi ,eso porque subía en el invierno hermano\n
vewla ngelay pukem no,Ahora no hay invierno no\n
vem niekevuyngün   pu ,Así lo mantenían pues\n
kutraniyem che vey yemengeki,Se enfermaban las personas ellas la iban a buscar.\n 
yem servecura ñi machi ngeki ñi ,en Selva oscura era machi su\n
kutraniem tamu mapuche ,Enfermedad tiene aquí el mapuche\n
pafmuyem ñi ange pafmuyem ñi,para el pasmo de la cara pasmo en la.\n 
welngiyem che kuyfi chumngechi ngütan ,Cuando se safaban las persona como componían\n
ta weñeleyem ka,y por que roban pues.
oregano pütrem fey müten ,orégano como sigarro eso no mas\n
kürüfmungi katrü konüyem ,Por el viento cuando entra ahí\n
nialu familia nieki welu fey pipiyem feypipüleafel,Lo que van atener famlia le sale pues así se dice.\n
rapiyem che wechakunuy iyagel ,Vomita la gente cuando le hace mal la comida
kuyfi ta pütrakeche uh entumeayem lawen,Antes los ancianos para sacar remedio\n
meale che entufem meafuyten may,para ir a buscar la gente saca no mas.\n 
entufem mekimüten engün ka,Sacan no más ellos pues.\n 
ñi püñmoem müna wapongi,mi finado suegro era muy mañoso\n
ñi chafoyem ,cuando me daba tos\n
mürke pidku we gürem awar tuwi,"mote de harina, con haba nueva \n"
ta kuyfikeche gürem awar ,los antiguos haba remojada \n
tañi mongelal ta choyem pikefuy ta noise piki,"para mejorar  a mis hijos le dice, dicen \n"
türpu inche tañi lamuenem ,nada antes mis hermanas \n
lay tañi lamuenem feymu ta inche,"murió mi finada hermana, por eso yo.\n"
larki ñukeem ,se le murió su mamá \n
ñi lamuenem larki,murió mi hermana \n
kude domo em fey mongerpuen ,.la anciana mujer esa me revivio\n
pero küpatual em nielain manshun ,.pero para venirnos no tenemos bueyes\n
witratuki müñetuki piki ñi chaw em ,.se levanta y se baña dicia mi padre \n
ta mapu tañi lamngen em pajonal ,.en la tierra de mi hermana en el pajonal\n
welunmangefun tañi lamngen em ,.se habian equivocado mi hermana \n
kutrankauken lawentuayem ka fey ,sufren para buscar los remedios.\n
fey ñi chawem fey nga feypienu,mi Padre fallecido..pues..me dijo \n
feynga mongelefuy ñi paluem ,pues estaba vivo mi tia\n
fey tañi paluem ta mongeleneu,mi tia fallecida me hizo vivir\n
fem femenu ta weküfü tati ,"me hizo eso, el espiritu maligno, pues.\n"
inche tañi chawem ta,Mi padre fallecido pues\n
inche tañi aueluem kimpafiñ,yo conoci a mi finado abuelo\n
inche tañi auelaem ,Mi finada abuela\n
küme machifel tañi auelaem ,era buena machi mi abuela\n
fey reke doy throatnoise doy  ñi füta wekuem ,Como ese mas  mi finado tío materno\n
awem kay ,Que barbaridad.\n
feyta uh tañi füta wekuem ,También mi anciano tío que era\n
 trafoy tañi füta wekuem fey ti ta ,se quebró mi vieja tía así es pues\n
uhm rupayem che famechi ,cuando le ocurre eso a la gente de esa manera\n
kuifi doy femkefunem ,antes más así hacía pues    \n
feychi lofmeu cheu ñi mülem ,en esa comunidad donde estaba\n
kay ñi ñekeyem pekey fey ñi ,pues de que hay ve de que\n
petu niem llemay ,Todavía tiene claro  \n
feymuyem ngoymaki ti ngülamtun ,Es por eso que se olvida el consejo\n
ñi karüafelem fey femlay  pu ,estar más verde y no fue así pues \n
doy müleyem iyiw ñi mapumu ,más cuando estaba allá en mi tierra\n
tungeel lawentuyem che ,que bebe remedio la gente\n
taiñ mamaem inchiñ,nuestra Mamá a nosotros\n
tañi chawem tañi lamngen,"Mi Padre, mi Hermana \n"
 to  a la vece vem tripakimi,"todas las veves haces eso, sales \n"
amurkeafulu üyiw em  ,tenía que ir allá\n
 no  que petu welefuyem ,"no, que todavía era joven \n"
feymu pewmatuen pifi chi finawem pifeyu ñi chaw,ahí soñaba el finado le había dicho mi padre\n
pu   hijo üye ñi lamuenem ta latulu saba,"pues hijo, ese hermano que se me murió  del papá de Saba,\n"
saba ñi füta chawmu dapipan ñi lamuenem ,Saba y su abuelo \n
pu  epu ruka niekefuy chi chi wentru finawem ,"pues dos casas tenían entonces, finao su esposo\n"
 maquina trillayem ,las máquinas cuando trillan\n
eymün we trem tati ,ustedes recién están creciendo pue\n
veyem inche,no lo hice yo\n
lawencheveyem ,Remedio a la gente\n
awem ,Sufrir\n
güdefin tem tem ial rume duamwelan ,odié las comidas ninguna comida mucho lo deseo\n
veychimutripay ñi finaoem ,esa vez salió mi finado\n
tami y tami ptacheyem kutranchengefuy tüfi ,Tuyo y tuyo gente grande era enfermizo mucho\n
vey ngen pewma ngeyem ,el es dueño del sueño\n
dewmangeyem petu veyta uh ,Sé esta haciendo ahora esta\n
kim tripan yemengeayem voye ,aprendí como se iba a buscar canelo\n
avichi kütral aviem chi kütral ,"se termino el fuego, se termino el fuego \n"
llem itrokom kutran müli ta,hay muchas enfermedad \n
inche kutranki ñi lonko areyem antü ,yo tengo dolor de cabeza los días de calor\n
fem  este alün mollfün wütrünentule,"si le sale mucha sangre, si la pierde.\n"
trekayem uh komo incha kevuy ñi namun ,cuando caminaba como que se hinchaba mis pies.
areyem kam ,por la calor o\n
firküyem chi,por el frío\n
uh rume tripayem antü ,cuando sale en pleno sol \n
vey ka  este mawiyem pukem ,también eso entra si andan en el invierno\n
inche vey kutraniem ,yo cuando estoy enfermo \n
eymi tüfa uh kutraniem lonko ,tu con este dolor de cabeza\n
uh lonko kuttraniem ,Para el dolor de cabeza\n
rupaki chi lonko kutraniem ,se pasa el dolor de cabeza\n
amuyem che,cuando va la gente\n
y kutraniem elungekerkevun lawen ,y si tenía enfermedad me daba remedio\n
 pero che kimnoyem ,pero la gente no conoce \n
foro kutraniem ,Para la enfermedad de huesos\n
pirutuleyem foro kutranki,cuando entran caries en los dientes cuando se enferma\n
vey kutraniem voro,si se enferman los dientes\n
rume vürey mayta vem vemki,es muy amargo así lo hace eso.\n
biem kuyvi femkerkelavuy che ,Bien antes esto no hacía la gente \n
ngolliyem che,a la gente que es borracha.\n
vem chi che vemkepelay ,la gente que hace eso debe sentirse igual \n
inche  bien kürüftuyem ,yo agarre un viento \n
kiñe weda müleyem ,cuando esta mal  \n
pu ruka che kiñeweda tripayem wekun ,la gente de la casa en alguna salida afuera \n
lawen tungeyem ,se coloca remedio \n
fey kutraniem chi pilun ,cuando se enferma del oído \n
chi pilun koniem chi wüllen ,si en el oído le coloca orina  \n
tukulelngeyem chi lawen che,hay gente que hace remedio que sabe colocar \n
ka kutraniem ,que también se enferme \n
uh kiñe weda areyem che ,una mala calor pesca la gente\n
uh kiñe che areleyem ,una mala calor pesca a la gente\n
pafmuyem che ,cuando le da pasmo a la gente.\n
fayiyem iyagel ,Cuando la comida esta ácida.\n
vayiyem iyagel ,de la comida ácida \n
uh vey pütokoneyem chi lawen ,Hay que beber el remedio \n
inche femngechi kutrantuyem ,yo cuando me enfermo\n
fey pütokolngeyem  feychi lawen,y es cuando hay que beber ese remedio\n
ngüf willeyem ,cuando se tranca la orina \n
vey kiñe wedam kutraniem ,es una mala enfermedad \n
küpa williyem ,cuando viene la orina \n
famngechi lawen tungeyem ,si se colocan este remedio \n
veyta pun miawyem ,si andan en la noche\n
vey re lef tripayem ñi ange ,si así rápido sale con su cara \n
vey ngümaki chi pichiche hojaleyem ,cuando están ojados lloran los niños \n
vey vemngechi kutranyem ,así es como se enferman \n
kiñepchi uh alüyem kiñe nge ,un ojo se le agranda  \n
vey chi pichi che kutranküleyem ,así el niño cuando esta enfermo \n
hm trafentuyem che fey may ,El que tiene encuentro con malos espíritus y ese \n
kutraniem pipen tati ,cuando tenian enfermedad.\n
kuyvike che kutraniem ,Antiguamente la persona \n
tañi chawem noise,mi padre \n
ñi chawem noise,mi padre\n
mapuem mapuche,el la tierra del mapuche
mawelayem ka vemngechi,De esta forma \n
vemngechi mawayem  ,de esta forma.\n
pürayem trokür mawidamu mawki ,Sube la niebla en el monte\n
pürayem veyengu veyengu may,Ocho ellos ellos \n
chumalam vem vemiawlaymi,Para que lo andas treyendo\n
ngekenofuluem tutuem tifu ,no existía algo que le hiciera bien a la tifus\n
ñi ñukeem kintulenu veychi lawen ,mi difunta madre me buscaba ese remedio \n
fem kutrani mülerkelu,como hay todo tipo de enfermedad.\n
fem amulekalli may ,Así era como avanzaba pues\n
unetuy ni finawem  pu ,"se fue primero mi finado pues,\n"
pütrem ka kümey pingi fletan pingi,el cigarro también es bueno para fletar dicen\n
fey pütrem pengeli ,ahí cigarro se encontraba\n
pükem welu füta manginmu ,"en el invierno, pero cuando es lluvioso.\n"
fey ni finawem dapinenu  pu ,"y mi difunto me cuidó pues,\n"
fem pelavuy may ,Debe haber sido así pues\n
tani chawem no rume,ni mi padre siquiera.\n
vemaychi kam vem vemle ta vemayka,"Va ser así quizás y eso pasa, va ser así pues.\n "
hojayem ,cuando lo hojaban\n
ta künkeyem ,....................\n
killkeengu vem ,Con quillque pues \n
fayem yagel,cuando fermenta la comida.\n
vayem yagel ,Cuando fermenta la comida \n
re putrem putremküleweyngün ,"estan bastante crecidos ellos,\n"
awem kay fey tüfichi make uh,"..................,ese maque\n"
awem cough kay,\n
tem kutranmu rume,"En cualquier enfermedad,\n"
lawenem femngechi tulay,tomaran cualquier remedio\n
tem ngillatuwetulay llenuanta che,ya no oran las personas ahora\n
altamisa pingi tañi lawem inche,"Altamisa se llama mi remedio, Yo. \n\n "
kiduem niekevulu spalanza kuyvi ,si cada uno tenía lanzas antiguamente\n
ngillatuayiñ puem ngillatuayiñ ,"vamos a hcer rogativa, todos vamos hacer rogativa \n"
ñi fücha abueluem tati ,mi vieja abuela pues \n
trüvür trürngi maw reke pukem ,Cayó la lluvia como nieblina en el invierno \n
liwen spanoyque pukem reke veli,la madrugada esta cómo invierno \n
tañi paluem pi veyta nievin inche,dijo mi tía por eso la tengo yo.\n
mawayem ,\n
veyta tañi chawem ,entonces mi padre \n
kutran müleyem ,"al haber enfermedad,\n"
  no uh tañi chawem ñuke ,"No mi finado padre, madre \n"
tüfa müleyem ,ahora al haber \n
ñi chawem wüleneu ,mi finado padre me dió\n
pienu ñi chawem ,"me dijo mi finado padre,\n"
chuchimu tem weya piti wingka ,"En donde, cualquier niño chico huinca,\n"
fem fey pe ka feypeno ,Así será eso seguramente\n
kimi tapütakeche kuyfiem ,sabía las gente mayor antiguamente\n
kuyfiem pütra kamapu wemü ,"antiguamente pues, \n"
uh kiduyem dewmay chi ta ka ,a lo mejor solo se preparo también \n
müleyem trawün ñi chew ñipuwi ,cuando hay reunión donde llegan \n
fotüm peñi femi ta fem rumele ,"un hijo, hermano si algo le pasa de repente \n"
uh putuyem yagelmu ta putukiñ ,"bebo, de otro bebo \n"
wechalkay em kiñekemu ,Hice mal algunas veces \n
ka feli pu peñi vem vem,"Tambien es asi pues hermano, asi es asi.\n"
chaw em vewla latuy ,el que era mi padre murio hace poco\n
kiñe  hospital ñi ñi chaw em ,"un hospital tenia, el que era mi padre\n"
chaw em veyta,mi padre \n
nagkefuy vey tañi chaw em ,bajaba ese que era mi padre\n
vey kintungeki chi kim em  wuay  ,y se busca ése para la inteligencia\n
chaw em peñi niekevuy,el que era mi padre tenía hermano \n
vemechi vey uhm velekevuy ñi chaw em ,así es como estaba el que era mi padre\n
spaasí feyta femuechi mongevuyem che ,así de esta manera se mejoraba la gente\n
kiñekemu kutraniem ,Algunas veces cuando se enferman\n
veyta trawawem ,y este golpe\n
kutrantukevuyem ka ,Debía dolerle pues\n\n
uh trafoyem che ,Cuando las personas se fracturan\n
welngiyem ,cuando se safan\n
akuayem femngechi kutran ,cuando va llegar de esa enfermedad.\n
femngechi peuken tañi akuayem tati pu che,asi es como veo cuando van a llegar las personas\n
welu kuyfi nentumengeyem lawen,pero antes cuando se les hiba a sacar el remedio\n
kuyfi feypikeneu tañi pu pu aweluyem ,antes me dijeron eso los que eran mis abuelos.\n
feypikennga ñawe feypikenem ,"me ha dicho hija, me decía \n"
pukem fey doy kimngeki,en el invierno se conoce más\n
 sino  que wütremu pukem ,sino que con el frío del invierno\n
feyta inchin tañi mapuche ngem tati ,nosotros que somos mapuche pues\n
tati fantenmu ta ni trem  ,ahora que crecí  \n
pütrün püñeñ ta niefunem ,hartos hijos había tenido\n
he a pukem felewetulay newe ,ni es el invierno no pasa eso pues.\n
kullin nem la la ngi pingeki tati,Hasta los animales murieron se dice pues \n
ta nien pütrake trem ka,tengo varios hijos también \n
chumngechi tañi fem rumeal kay tüfa,¿ Cómo puede ser esto también?\n
ta müleymi feychi pu trem machi mu,estás donde las machis ancianas pues\n
ñi wentruem ngillatuy maw,mi esposo hizo  hasta rogativa \n
fey erke we trem familiaymi ya,eso es recién hás criado familia ya\n
feyta putrem tuy wüla,ahora ya a crecido\n
tañi inche ñi chawem engu finaw peiro ka,con mi padre y también el finado Pedro\n
femlay fem pewütuwita kimllefuy mayta uno,"No pasa eso, claro que con la adivinación sabe uno.\n"
feymuem eleleteu iñchiñ feymu nentukelu ,por eso es que nos dieron a nosotros por eso lo sacamos\n
kuyfike wüneküleyekefuluem p ka ,antiguos los que personas mayores pues\n
inchiñ feypikefuy ñi mamaem ,Nuestra madre lo decía\n
meli fotilla yemem ,cuatro botella\n
amuayem che namuntu   ,cuando va a Argentina?\n
rapiyem  digestion pikey ta wingka ,"cuando bomitan, digestión dice el huinca.\n"
lüpümngeyem  despues fey lapantukulelngetukey ka ,Y cuando se quema después se coloca como parche pues.\n
tachi pütrem yerfa ,el cigarro de yerba\n
feyti kay ta poypoyem che,Cuando la gente se hincha\n
pütrem azucar engü,Con harta azucar.\n
peymafiem ko pu,\n
inchiñ nem tain mapumu,en nuestras tierras\n
trem nieyengün welu wechalkalelayengün,están cresiendo pero no están mal.\n 
allfüyem che,Cuando la persona se hace una herida\n
ta pitalmu puwyem che,cuando la persona llega al hospital \n
ta kutrin furi piyem ngati ,cuando habla del dolor de su espalda\n
pütokoyem ,se toma\n
pukem inchin ,Nosotros en el invierno\n
kontukelaymu ta pukem ,no nos molestan en el invierno\n
veychi tripantu pukem ,El invierno de ese año\n
ta pukem ta akuyem,cuando llegaba el invierno\n
uh pukem ta akule,para que cuando llegué el invierno\n
asike jodiw ngi ta pukem vaw tati,Así que es jodido en el invierno acá pues\n  
ta pefun nem piki,decía que había visto\n
perimontufunem ,le había dado el mal de ojo\n
fey lawen fiem  ,y le hizo remedio \n
lawentuwyem ,y se había remediado\n
vey ta küme duam mafiyem ka,entonces se hubiera sentido bien.\n
puwyem ta che,cuando llega la persona\n
veymuke ngütramkayem che,con eso si que conversa la persona\n
trekaleyem pingi,cuando camina dicen\n
füfa ka papay ta mülepayem ,ahora también cuando estan  las  mamita.\n
 sí  claro felevuyem ,Sí claro así estaba\n
femlavuyem  no  tienen ,esta así no tiene\n
pingevuyem ka feymu ta amukevuy ,se llamaba también ahí se iba \n
feymu feyemuy ka kuyfiem  sí ,Por eso que antes sí\n
 pu feyevuyem ka felevuyem ka ,"que estaba así pues, así estaba\n"
felefuyem ka,así estaba pues.\n 
ka femkefuyem ka  lo  ,también lo hacían los\n
kidu müten fey akuayem kutran ,Solo no mas y cuando va llegar la enfermedad\n
pi tañi chawem ,dijo mi padre\n
tremomenu tañi chawem tati ,"me crió mi padre,\n"
newe kimlafuy  tañi chawem ,no sabía mucho mi padre\n
lamngenem tati ,mis hermanas\n
pingey tañi chawem ,le dijeron a mi padre\n
fey piwelay ñi machituatew ñi chawem ,por eso mi padre no quiso realizarme un machitun.\n
pu gringumu koni ñi chawem ,con los gringos serelacionó mi padre.\n
ta reküluwkefuy tañi chawem ,mi padre no participaba mucho.\n
traguien yeenu tañi chawem ,A Traiguen me llevó mi padre.\n
inche tañi chawem müten ramtungi ,sólo le preguntó a mi padre.\n
inche ñi chawem ka ramtuenu ,mi padre me preguntó a mí.\n
kidu dallupuy ñi chawem ,Solo fue mi padre a conversar.\n
fey yemetuenu ñi chawem ,Ahí me fue a buscar mi padre\n
eymi tami chawem kasikengekefuy pienu ,tu padre era kasike me dijo.\n
 aunque fengefuy tañi chawem ,"aunque mi padre era así, \n"
feyta yiweafuy em papay ,\n
tañi nanüng ngem ,mi ifunta cuñada \n
fem matufiñ akulu fau ,así lo hice cuando llego acá \n
inche tañi lamngenem ,Mis hermanas \n
 pero inche lamngenem kimfuy ,pero mi hermana lo conocía \n
ümül ngeweki lonkoem ta pikefuy ,se resfreiga la cabeza decía \n
chawem ,donde \n
feyti may ñi chawem ,eso yo mi difunto padre \n
nentukefuy wem   poco ,se sacaba un buen poco \n
fey ürem küla antü,y se hechaba a romojar por tres días \n
famuechi rem chi  cordero ,así quedo el cordero \n
chawem jose maria katrilaw pingefuy ,finado padre José Maria Catrilau se llamaba\n
ni chawem  verdeeru pagre ,mi finado padre verdadero padre\n
kavey perimontunngekevuy ñi chawem ,También había visto vision sobrenatural mi finado padre.\n
ñi chawem y feymu pe,mi finado padre y quizás por eso\n
ay jue la  fem noise,ahí fue la...todos\n
awem kay no ,Admirable no.\n
awem kay femyefui may chi ,"Que admirable, sí, así era.\n"
trafentu trafentuyem pichikeche trafentuki tati ,"Cuando sé ojan los niños, ellos también les da.\n"
mluafiyem papel che pu ,Se demoran en dar el papel a las personas pues.\n
kuwem poñi ta duamtunengi ka ,papa asada en ceniza lo desean también  \n
pütrem o tabako ,cigarro o tabaco \n
ka pütrem elueyñmu,también cigarro nos daba.\n
chumngechi ñi mongeluukefel tañi kutraniem ,"de cómo trataban a los enfermos y enfermedades,\n"
ta pe kimiem ta chi dungu ,\n
inchiñam cheu püle rume kompuyem ,Nosotros en cualquier parte que vayamos\n
iñchiñ taiñ weningen trawuyem ,nosotros los amigos nos reunimos\n
peyem tain peñi ,cuando ven a nuestros hermanos\n
peyem taiñ pu lamngen ,"ven a nuestras hermanas,\n"
lleweyem ta iningenengün puedelafuy tañi femal ,a nadie debiera darle verguenza\n
allfuyem che golpiayüm ,cuando tiene herida la gente o se golpean \n
feyta kupakevuyem spa,entonces venia ante pues \n
lo spaantiguokümelekevuyem kuyfi  ,Los antiguos estaban bien ante \n
tañi chawem rume konkelay ,mi finado padre tampoco no a entrado.\n
nieki antüem tañi akuamün,tenían día para llegar \n
ngañkoyem ,cuando se decae \n
vey pütrem reke pifürmangeki,eso como cigarrillo se asperge. \n
müleki tüfi pukem ,se encuentran esos en invierno\n
pukem  walüng müleki,"Invierno y  verano permanence,\n"
fey tüfachi kutran niem ,Esa enfermed que tienes \n
feyta puwiyem pitalmu ta piche rupatuki,"ahí llegó en el hospital, pasa un rato. \n"
bronkio pulmonar pukem ,Bronquio pulmonra en el invierno\n
  si sewma pukem mawi sewma ,si hace frío en el invierno así ando\n
chawem femngechi kutran ngefuy ,La enfermedad del padre llevaba. \n
lay ñi chawem joven lay ,y murió el padre joven murió.\n
pukem soy wesachengetuken ,En el invierno me siento con mucho malestares\n
püñu tripanoyem wekun ,"por el puñu no deben salir afuera,\n"
chawem vangelico ngefuy pu,mi finado padre era evangélico pues.\n
kiñeke newentuyem ,algunos que tienen mucha fuerza \n
elungi kümeke machi kintuy ñi tañi chawem welu tutelay,"mi padre busco una buena machi, pero no le hizo efecto\n"
tami chawem ka femuechi amuy  ,¿Tu papá tambien se fue así?\n
  no lamuen feymulle lay iñ chawem ,así murió mi padre.\n
feypikefuy chawem müli kalku kuydaunolu layay müley kalku pikefuy,"Así decía mi padre que existe el  daño, el que no se cuida morirá.\n"
fey kiduleluam kidu tripaürki ñi chawem tati fletealu ,como estaba sola pense que había salido con mi padre a fletar\n
tüfa fey  depue ka epeke langümkefuy tañi kure tañi chawem kachal,después casí mataba a su mujer\n
lay tañi püñeñem ka leflay iñ püñeñmu,murieron sus hijos y ella no corrió \n
iñche ñi chawem niefuy kiñe ñawe wünen ñawe,mi padre tenía una hija mayor \n
feymu kintuy lawen chawem feymay mongelenu,mi padre busco remedio ahí y de ese entonces viví.\n
müna kim müna küme machi machi inayaulkefuy iñ chawem ,una machi muy buena andaba a la siga de mi padre.\n
fey müleyem komu ,entonces cuando hay en el agua\n
fey lüfiyem chi azukura ,y cuando se quema el Azucar\n
rupayem antü ,cuando pasa el dia\n
nawyem asi ,cuando cae así\n
fey rupayem chi antü ,asi cuando pasa el día\n
uh akuyem pun inche ,"cuando llega la noche, yo\n"
uh küchuyem llemay,Cuando se moja claro\n
lef kürüftuyem ,por tomar aire derrepente\n
ka müte utreyem llemay,"tambien cuando pasa mucho frio, claro\n"
cheta kuydawnowyem ta che,"la persona cuando no se cuida, la persona\n"
kuñiutunoyem ,cuado no tiene cuidado\n
fey penoyem ,cuando no encuentra\n
kutranpingi penoyem lawen fey,"esta enferma le dicen, cuando no encuentra remedio.\n"
kuydawnoyem ta,cuando no se cuida\n
kutranküleyem ñi domo,cuando este enferma su mujer\n
wütreyem ka,cuando les da frio pues\n
uh kimkefuy he niekoñileyem ,sabía también cuando estaban esperando un hijo\n
fey akuayem chi pichi che,cuando va llegar ese niño\n
ka fey akuyem chi pichi che,tamabién cuando llegaban esos niños\n
fem llemay ,eso hace claro\n
uh kiñe che müleyem pu ruka,una persona esta dentro de la casa\n
welu ka müleyem chi che pu ruka ,pero cuando tambien la persona esta dentro de la casa\n
areyem fey ka kutranki ta pilun ,se le calienta y tambien duele su oido\n
ka koniem kiñe pilun mu ,tambien cuando entra en un oido\n
fey ngülaki rume kutranyem ,y habre siquiera  cuando duele mucho \n
fey umawleyem chi che,cuando la persona esta durmiendo\n
ka traniem uh kiñekemu ,tambien cuando a veces se ace\n
tüfey lüfiyem che,ese cuando la persona se quema.\n 
lüfiyem che ,Cuando la persona se quema\n
kimnen lüfiyem che,conosco cuando la persona se quema\n
wün rume areyem ta che,hasta la boca cuando la persona rie\n
fey chi akulngeyem chi lawen,y cuando traían ese remedio\n
ka itromyem ta che ,\n
ka yangiantü müleyem che ,y cuando la persona esta en pleno sol\n\n
ptra kürüftuyem ka,cuando toma harto viento también\n
femngechi nieyem püñeñ engün ,Debido a eso tengo hijos sanos\n
 si müley  mucho katri neyüpeyem ,Si hay mucho donde se cortan\n
wüñokintuyem wiwiu wechakunukey ,Cuando mira para atrás esta mal\n
 ahora kay oraken purayem mawidamu,ahora siempre hago la oración en el monte\n
kulliyem ka fey pichike kullikakeneu engün,cunado pagan tambien me pagn por suerte por los niños\n
tañi pu gosalen kom komfuyngünem feyta kullingün,lo que estaban gozando.................y pagaron.\n
may kütraltual pukem ,Sí para hacer fuego durante el invierno.\n
feyti dewmangi pütrem  así ,Ese se hace como cigarro así\n
lay chi machiyem por    eso   ,murió la finada machi por eso\n
ilo leon niem che ,carne de león tenia la gente\n
 dulcecito dulcecito em ,"Dulcecito, dulcecito.\n"
femuchi kuyfi kay fayem tamün yagel,Así antes se fermentaba la comida\n
kiñe weda am fayem ti iyal ,Una mala comida vinagre .\n
kay trafoyem che ,y por torcedura de la gente \n
taiñ füchakeche inche tañi abueluem ,"nuestras gentes  mayores, yo mi abuelo \n"
abueluem ,mi abuelo \n
ta kiñe pütrenmu pütrem nieki ngillatuki follemew,"en un cigarro, cigarro tiene para su rogativa con canelo\n"
pukem spapero,"En el invierno, pero.\n"
 no  como akuy müleyem  plata ngelay ,"no como cuando llega, cuando hay plata no hay\n"
namuntullauyem kutrankey chang  ,cuando ando a pie me duelen las piernas\n
noise akukelafuyem pulku putulafuyem,"No habia llegado el vino, no habia tomado, \n"
noise  putulafuyem akunolu chi pulku kay ikelay pulku ,"no había tomado, como no había llegado el vino pues, no tomaba vino\n"
fali ta pelon pikefenu ñi ñukeyem ,vale el diagnostico nos decía mi finada madre. \n
pafmuyem ta,al entrarle pasmo\n
sangrina yem ngelay,Sanguinaria pues no hay.\n 
itromyem ta ngemu ,de todo en la vista\n
pikefin pefiyem ,le digo al verlos\n
familia kom kümeleyem ,"la familia esta bien,  \n"
fey niel müleyem kutran,cuando hay enfermedad\n
tem petu kimlan,no sabía nada tadavía\n
uhchafod kutran lonkoyem che,El resfriado con dolor de cabeza la gente\n
müte müleyem uh,cuando hay mucho.\n 
müte müleyem antümeu,Cuando esta mucho en el sol\n
fey wekun müleyem che,"cuando las personas están afuera,\n"
tuyem kuysauki che,si no lo cuidan  las personas.\n
müleyem chi kütralwemeu ,"que está en el fogón,\n"
lüfiyem che,Cuando se quema la persona.  \n
chumngechi allfen tüfi trafoyem ,"cuando  se hiere de quebradura,  \n"
katrüfünyem che fey kümeki,Cortadura de carne es bueno\n
wekeche asümelngeyem fey kimki,los jovenes si se les enseña entonces aprenden.\n 
mapuche mongen entumeayem lawen ,los mapuche cuando van a sacar remedio\n
cheuuhimpolkangeyem mawida ,"donde destrozan la montaña,\n"
kutraniem kisu engün mongeluutukefuy,cuando se enfermaban solos se sanaban\n
ka fey ngenoyem lawen fey,Cuando no hay remedio.\n 
elumuaymi pingeafenem ngelay pu ,prepárate  no me dijeron \n
feyta chumngechi lukutuyem noise ,entonces  como  de rodilla este \n
ngewetulay fill lawenem ,no queda variedades  remedio \n
kiñe pichike külko tukevuy ñi kukuem ,un  chaywe  chico sacaba mi  fina  abuela paterna \n
kom ta vemkevuy tañi kulle kukuem ,todos  eso hacia mi ..... abuela  paterno\n
fey tüfam veyta pu inangechi trem kulantu pituy ,Estos ahora  entonces  los mejore que crecen  cilantro dicen \n
iñche ta mari pu püñeñ niefunem ,Yo había tenido diez hijos \n
mariwingünem tañi pu püñeñ,habian sido diez hijos.\n
kiñekemu penoyem ,a veces cuando no encuentro \n
feyti kay lamngen kiñekemu trafentuyem che ,y tambien hermana cuando contrae enfermedades maleficas\n
rüleyem ta che ta chengekey tati ,Cuando se resfria la persona pues \n
feyti eymün lawen tuayem ,Ustedes para remediarse \n
asi que kafetuayem rume pütrokongeam ,si se quiere tomar café  se toma eso\n
chawem ta newe kimpalan ,al Padre no lo conocí mucho\n
tremiyem y choyile ,Creció pues y creció pues\n
y trem rukamu gringo rukamu inche ka fey,y crecí en la casa del gringo y en mi casa también \n
ni fücha chawem tüfey,mi viejo padre este\n
uh lüfiyem che ,Cuando se quema la gente\n
feyti fey ünatungeyem trewa ,Cuando muerde un perro\n
feyta fendefiyiñ feyta iyagel eluketueyiñmu pukem ,Entonces lo vendimos y de ahí nos da para comer en el invierno\n
yem rume kümelkaleafuy che ,en cualquier cosa podría estar bien la gente\n
tungey fem pichikeche ,se contagiaron los niños\n
püuyem pitalmu küme atiendengekimün ,llegan en el hospital y lo atienden bien\n
feulakay inautyem che ,Ahora cuando muere la gente\n
niafuyem femürkolerpuante feymu ,así iremos a seguir\n
yem  aparte nekele engün felerpuafuy ,aparte tenían para seguir así \n
itrofillem regalo elkünumekepatuken,distintos regalos les venía a dejar \n
fey feypülem feychi,"hay,  por ahí, por esa \n"
nii itrofilyem nian,voy a tener de todo\n
ayllayem kiñe fayesey throat,"Eran nueva, murió uno.\n"
ütrufeyem elelmeki,le tiraban cosas\n
feychi üllcha domo kulliem patakakulamarimil killi,por esa mujer joven pagué llegó a los trienta mil\n
nentuyem che  ,a las personas?\n
feymu rume kücha longkokefuyiñ kuyfimuem ,con eso se lavaban mucho el cabello antiguamente.\n
feyta ta küpalpi kutran pütrem ,ese cigarro trae enfermedad.\n
meli kayu pütrem pütremtuki kiñeke pu,"cuatro, seis cigarros fuma a veces pues.\n"
feymu ta taiñ mongeltulem engu,por eso nuestra vida.\n 
fey femngechi küpayem pun ,ese asi viene la noche\n
tañi chawem kisu,su padre solo.\n 
tañi elkunungekem lilamu,que lo dejaron en el patio\n
kiñe ngem mayta tokafuy ,Había tocado un dueño\n
lay tañi chawem ,murió el que era mi padre\n
lay tañi lamuen em juanita pingefuy,murió la que era mi hermana que se llamaba Juanita\n
mongelepuy ñi peñiem finaw   nicola,"allá estaba mi hermano el finado Nicolás, que aún estaba vivo\n"
ñi chawem niekefuy anay ,"Mi padre tenía, hombre.\n\n"
feypilanu tañi lamuen em ,no me dijo la que era mi hermana.\n
rume küme machiem tañi lamuenengu nga ti,era muy buena machi mis dos hermanas pues\n
ta rume küme lawenem ta fey,era muy buen remedio ese.\n
tañi chawem ta müley pikey fey  pero mamüll ,mi finado padre también decía que había pero  palo\n
mupitulayafuyengün pero feyem tañi  reloj ,no habrían creido pero eso era así mi reloj\n
kim nütramkafuluem ,los que sabían conversar\n
feymuem ta pichi weyaletuy,por eso la situación es un poco grave\n
feyti atakeyem fey feyta yengeki ,"cuando se desmaya ahí lo llevan,\n"
ketran fillem nieluam ,"trigo, de todo tenía,\n"
ta dengüllyem ,"y también porotos, \n"
ka kullin fülpuyem famechi ,Otros animales se acerca así\n
choyumniem feychi weda newen,lo tiene asa fuerza negativa.\n
tañi kude abuelitaem tati,mi vieja abuelita decía pues\n
tañi kudekuem ta fau rume femkanon,"Mi vieja abuela, no fue mucho lo que le pasó\n"
ka kiduem ta fellentual,para que ellos solos crean\n
iyagel iymuvuy em  pu,alimento comía pues.\n
tüva ñi chawem ka ,ahora mi finado padre también \n
tufiyem ti ngüfüllin pingi,ese tranca orina se llama.\n
arto jodiw müleyem  rümgoyem che ,harto grave cuando a estado cuando hace harina cruda la gente \n
trawüyem iyagel uh ,cuando se juntan la comida. \n
fey ñi chawem yemekvuy ,eso mi finado padre había ido a buscar \n
todo rem chi che tañi chengen ,Todo .....................................\n
feykefuy ñi chawem ,decia mi padre\n
fey may feypikefuy  ñi chawem ,entonces decian mi dufunto padre\n
feypikefuy may ñi chawem ,decian mi padre\n
ñi chawem engu ,mis padres\n
ta che femngechi tremomenu ñi chawem tati ,la persona así cria mi padre pues\n
 porque  ñi chawem fawmu tati ,porque mi padre de aquí pues\n
famuechikünungi tañi kukuem ,así quedaron mi abuela fallecida\n
tañi chawem fantenmu ,mi padre fallecio\n
ñi chawem matrimonio miawülu,mi padre que ahora fallecido libreta de matrimonio llevaba \n
ñi chawem rumeñma ,"mi padre fallecido muchisimo,\n"
fey tañi chawem tati,Eso era con mi padre pues \n
kam ñi chawem ,oh mi finado padre \n
spamayque elukiem ,"más , y que le dieron \n"
feyta kuyvi kutrani iñ chawem ,Entonces ante se enfermo nuestro finado padre \n
perdey ñi chawem ,se perdió mi finado padre \n
re fem rumelay che,Puro eso no pasa la gente.\n
spaporque kiduem ñi ñi ,porque su finado su....\n
iñche ta fey  iñche ta kuifi wes wes ngefun em ,"así yo, yo antes era un loco\n"
kuyfi ta putufengefun em ,antes yo era un tomador\n
vem chi ,Toda la\n
ka müli veyti pütrem ,también existe ese cigarrillo\n
kuyvi ta vütakeche rangiantüyem ,antes los ancianos a medio día\n
iñche kay tañi chawem kay ,"yo tambien, mi padre pues\n"
doy trem chi che ka ,es una persona más crecida también.\n
spaosea doy pu trem chi che ,o sea los más adultos\n
inchekay feyta fem tokakakelan ,Yo no he tocado esto\n
konpa püllü yem machi,Cuando la machi hace entrar almas\n
tutengeyem   si,cuando se le agrada ahí sí.\n 
mati lawentuyem mapu lawen tulan ,"de esos remedios tomé, no tome remedio de la tierra.\n"
nietu mülefuy em ,también hay nietos\n
fem feymu feymu,"Por eso, por eso.\n "
awem kay,\n
fey inangümakefuy tripayem kullin,lloraba cada vez que salian los animales.\n 
soy kutran kuwafuy yem  pu ,mas me hubiese enfermado pués.\n 
ñi lawenem ñi pichi elaweni elpun ,"mi pobre niño, mi  pequeño niño lo fui a dejar\n"
kimvuyem ,Sabía \n
guardakiyiñ pukem ta yagel ,guardamos para el invierno los alimentos.\n
ta rume weya pukem cough ,muy malo llega el invierno 
miawpali may pukem ,Cuando venía llegando el invierno  \n
feleki müten pukem ,Así no más en invierno \n
ta fey weyaleketuyiñ pukem müten ,y siempre estamos más desocupados en invierno no más  \n
fewla rüleyem ,Ahora cuando se afiebran \n
ka eymün kiñekemu kutraniem ,y ustedes alguno se enferman \n
fem kontuy pital ,al puro hospital entran \n
feyta ñi kintun nem ka na nay,ésta mí visión pues también entonces  \n
wauyuyem che,al sangrar la nariz de una persona?.\n
tañi pu ngeyem kutrankey,nuestra vista se enferma\n
ngillatumeken worküayem ,Realizo oraciones cuando bebo \n
domongeayngün  wentrungeayem  ,puede ser mujer o hombre puede ser \n
kümeke lawenem ,los que eran buenos remedios.\n
fem foye lawen,Remedio de foye.\n
tem kutranmu rume ,de cualquier enfermedad\n
fütake tralkaniyüm pukem ,cuando habían grandes truenos en invierno\n
welu femngechi feypieiñmu taiñ chawem ,"pero de esta manera me decía mi padre,\n"
welu inchiñ ruem eluwkülepelaiñ ka tüfey ka ,Pero nosotros estamos muy entregados a eso.\n
fem fey ta yafkaletuyiñ diosmu,pues estamos mal antes Dios.\n
uhm fem pichike ina rupan,Alguno pude  percibir. \n 
tal pu ni mapu kisu ñi küdaufelem ,Tal como en su tierra trabaja solo\n
he katrü pütrayem pu mapuche ,eh se cortan el estomago los mapuche\n
kam amukelafuy chi katrü pütrayem ,o no van por la cortadura del estomago.\n
welngiyem welgiyem ,"Lo dejan de lado, lo dejen de lado \n"
wüllngodyem kusenmu kiñekemu he küdawüyem he,Cuando se safa de vieja o algunos trabajando.\n
hm feytichi posiem chi ngüf willen,Eso que tienen orina fermentado\n
mj he itomiyem che kay ,"Mj, eh cuando le entra algo a la gente y\n"
re trem kelay ta che peñi,así no más no crece la gente hermano\n
feyti püta wentru inchu inchu küme wentruem ,y ahí nosotros nos hicimos grandes hombres\n
pafmuyem che ka ketroki pingi fempelaychi ,Cuando tiene pasmo la gente se quedan quietos dicen \n
ananten wekun feymu petu nünem chaw,"me voy a sentar afuera no más, ahí todavía huelo padre\n"
küme machiem kidu pu noise ,era buen machi ella pues\n
pütake abueluem tañi dungu,el asuntos de los antiguo abuelo\n
we trem ta inche pipelayelanam,soy joven recien lo he dicho\n
machikay ta gürem konün,la machi es como un tejido que entra \n
feley may feleyem        ,Así es cuando estan..                                                                                                                                                                                                         
püta chau chafoyem püchake che femki ,gran padre el resfriado las personas de edad le toca \n
feyta pitrun pütrem ,así tambien el humop del cigarro\n
chumliymi am vamngen pukem ,cuando el invierno estaba asi\n
pukem tati peñi ,en el invierno hermano\n
trem pürayin ta kimiyin ta piren,desde que crecimos conocemos la nieve\n
veychi uh ka pukem ngi ,ese otro invierno pues\n
vey tüva nüfakiyin ta pukem  ,Pues ahora cazamos en el invierno\n
veyta pütra ilotulekiyin ta pukem ka,comemos harta carne en el invierno\n
pukem ume pütra ayiwünndungufel,en el Invierno era una cosa alegre\n
kutraniem tati  poblacion,se enfermaba la poblacion.\n
tañi fücha abuelituem puliwentu feyta,mi anciana abuelita dentro del amanecer por eso\n
feymu ta falintungelay lawenem ,por eso no se valora el remedio\n
ñi fütra abueluem ,mi finado abuelo\n
inayawlanu ta fem rume tuki ka ,Me anda siguiendo éste derrepente hace lo mismo. \n
ka nentukechi pütrem tati ,también lo saca y lo quema  pues \n
ta kulliem ko ka ngemey ,pues Culliem agua también fue haber \n
vey chewpüle ruem amuy tati ,entonces en cualquier parte va pues \n
amualu kulliem ko che ,"para ir, cuando paga agua la gente \n"
kiñe pütrem pütremküngele,"Un cigarro, si lo fuma.\n"
kümelkaleyiñ pukem müten ,ojála que estemos bien en el invierno \n
 pera trangliñ küpayem ngewetulay,cuando sale helada no hay la pera \n
ka amuyem tamu yemeyiñ pichiñ yewün ,"cuando vamos, también vamos a buscar un poco de cosas\n"
fey llemay ka chumngechi utrekeyiñ pukem ,Eso es también cómo se cae en el invierno\n
pukem tati putremiyem che afkey tati ,en el invierno cuando está viejo la persona se acaba\n
 si fem  despues wüla rupan kutrankawün ,Si después pase de lo tanto del sufrimiento\n
ka putuayem kullingekelu varga ,pues también lo pagaban varga\n
ñi chawem ñukeem ka,"mi padre, mi madre \n"
tañi chawem ngemi tüfi kiñe lamngen kidulewelu ,mi padre fue donde una hermana que se encuentra sola.\n
spaperdey ñi fütayem ,Perdió su esposo\n
tañi paluem machiürke ,mi tía era machi.\n
nielu ñi lamngen ñi chawem ,como tenía su hermana mi padre\n
tañi paluem fey ülütuenu pürüm ,mi tía ahí me masajeó.\n
nütramtuyu pürüm tañi paluem ,conversamos con mi tía\n
fem femuechi tueyu tañi tiychi  ,de esta forma lo tomó este\n
feyta tañi chawem uh rume fentren familia niy,mi padre tenía una familia muy grande\n
fey machituan pi tañi chawem ,por eso mi padre dijo que me harían un machitun\n
nütram elmenu nütram tañi paluem ,"me dejó conversado, me dio conversación mi tía\n"
feypiki tañi nütram tañi paluem machi ,Eso dijo mi tía machi en su conversación.\n
miawlngen mankakiawlenu ñi paluem ,me subió al anca mi tía.\n
ñi  fotijamu ñi paluem ngillalmenu ta tüfachi lawen ,en la farmacia mi tía me compró este remedio\n
tachi wentruem feyta üytukunuy ,a este hombre mencionó.\n
femuechi mongelenu tañi paluem ,De esa forma me sanó mi tía\n
fey tañi chawem kuyfi spaperdey uh ,mi padre hace tiempo que falleció\n
fey fentekünü amuy tañi chawem ,Tenía esa edad cuando falleció mi padre.\n
küla tripantu wünenngefuy tañi chawem ,Era tres años mayor que mi padre. \n
feyta ordenanengeluürke fem müli tati  ,"pero todo esto tiene un orden, así está.\n"
vey vüreyem chi trapi ,si sale el olor fuerte del ají \n\n
vey vürenoyem ,y si no sale fuerte el olor\n
askintuyem pu wanglen ,cuando salen a mirar las estrellas \n
feyentuyem kiñe lawenmu ,le tienen confianza a un remedio\n
arengeyem ,Cuando hace calor\n
vey wütrengeyem tripawetukelay,y cuando hace frío no salen.\n
ngeyem che ,que tiene la gente. \n
y lüfiyem che ,y cuando se quema la gente \n
vem aftuki ,Así se termina.\n
kom noise kom pukem ,Todo... todo el invierno\n
tachi rupachi pukem ,este invierno que acaba de pasar\n
mawida illküyem ka müna ,Cuándo la montaña se enoja\n
ta weychalu tachi pu wünenkülefuluem ,pelearon los que estaban al mando\n
 ñukem che kimpun ,lo que le pasó a mi madre lo fui a saber\n
fey wardangeketuy noise  pukem sakumu,y despues se guarda en saco para el invierno\n
wechawentruleluem chau,estaba en condiciones totalmente negativo\n
pütrem  vicio rume ,"ni siquiera de cigarro, \n"
pichinmu mongetukefuy amukefuyem pitalmu ,Cuando niña vivía y iba al hospital \n
awem feytichi foye lamngen ,Se esta acabando el canelo hermana\n
chumül ñi kutranki lloyinayiyem ,Cuando se enfermo andaba como cansada \n
rume arreyem ka kosina mu ,Hace mucha calor en la cocina \n
uh ey rume areyem che kosina mu ,Muy caldeada la gente en la cocina \n
tripafentuy wekun kürüftuyem ,y salen a fuera con el viento \n
rem re ye tukukenew inche,no me dieron eso a mi.\n
awem tüfey mamüll lawen reke ,Así es este como remedio de palo\n
awem tüfey rume küme lawen erke ,Así este es un muy buen remedio \n
awem fey fey fey tüfi nawkülepalu chi komu ,"Así es, sí, sí este se trae de abajo del agua\n"
awem feyti fey mamüll lawen ,Así es este es palo remedio.\n
fey uh triw nawyem chi lawen ,así se baja ese remedio \n
fey mongeki pütokolngeyem pulgante ,si vive tiene que llevar bebiendo el pulgante \n
awem lamngen ,Así es hermana \n\n
kutraniem che fey pingeki,la gente que tiene enfermedad así dicen.\n
yemengeayem chi lawen,y luego se trae el remedio.\n
kimki lawen che asümelngeyem ,cuando la gente sabe de remedio así enseña\n 
kutranküleyem pu koñi ,ya estoy enferma pues hija \n
 todo  eso  fey fem fem rumen ,"todo eso eso me, me pasó de repente\n"
fem llemaytttttttttt,Así es\n
fentren küme mongenem ttt,bastante estan bueno \n
yamün kiñekemu kay allfüyem wentru tüfa ,Temo avece cuando lastiman lo hombre ahora \n
ngüvüllulelu inche ñi aweluem noise,Lo que estan con tranca de orina mi abuelo \n
vemuechi tripayem cha ngünen ,así cuando sale QQQQQQ\n
pelotuenu kiñe ñaduem pilafun gitanu llükakefiñ,"Me vió una cuñada no quería, a la gitana le tenía miedo.\n"
nielu femngechi naunautuayem ,el que tiene así ............................\n
petu ñi mülen lawen chewem am ,Que  todavía hay remedio ........... \n
fey fem feyta ,Este todos estos\n
wenu petrem manewi tati ,......................\n
tüfaem müna weda umautuki kiñeke ,estos que duermen mucho a veces\n
  si chieli pütrem pütremmu amuaymi ,"si tengo cigarro, con cigarro irás\n"
kuyfi tañi chawem ,"antes, mi difunto padre\n"
tañi iñche tañi chawem ta,"mi, mi difunto padre pues,\n"
mariano rosa pingefuy tañi chawem ,Mariano Rosa se llamaba mi difunto padre\n
tüfachi mapumeu iñche tañi chawem ta feypikey ,"en estas tierras, decía mi difunto padre,\n"
kidu ta kimpay tañi chawem p,"él conoció, mi difunto padre,\n"
kidu ta kimpay tañi chawem doy,"él conoció más, mi difunto padre\n"
kimpay tañi chawem doy pataka tripantumu ,mi difunto padre conoció por más de cien años\n
kidu ta kimpay tañi chawem ,"él conoció mi difunto padre,\n"
fey tañi chawem yom feypikeyu,y su padre se lo decía\n
pingey tañi chawem tatüfameu,decía mi difunto padre aquí\n
kimlumu niefuyem lawen tati pewen ,para los que saben debe tener remedios la araucaria\n
tati pütrem ka tati p ka tati ,este cigarro ese pues ese\n
kudeyem kuifi kudekelafuimi tramkelaymi rume,cuando corría ante hechaba carrera no se ha caído \n
iñche ka mapuche kafey mapuchengefuyem mapuchenga,"yo también soy mapuche, también soy mapuche\n"
fey kutranfunem ,y me había enfermado pués \n
ti unenkülelu ka kom fey pichike felpielem fey,ese que es mayor debería encargarse de decirle a los niños\n
antiku machiem ,era una machi antigua.\n
pelotuchepelu kimlu feyem erkepi,el que hace pelotun a la gente ese sabe. \n
kom fem trekalekonle ürfiay  pu ,todo si entra caminando se ahogara pues\n
feychi ruem weya kutranün pipevun,necesito eso por mi mala enfermedad les dije\n
amupevunem feymu,había ido para eso\n
rapi mollfüñem ,vomité sangre.\n
tañi feychi spadolor ta niekelavunem ,ese mi dolor no lo tenía\n
amulnekavunem ,apenas si lo estoy llevando\n
chuchi señorayem rayan tüfi ,quizás a cual  señora le raye esa vez. \n
feymu ta fem nagtun,por eso me arrepentí\n
kellungenoyem uh ngelkuy,"Cuando no lo ayudan, queda aturdido.\n"
tañi chawem niyi,Y mí padre tenía \n
fey tañi chawem kay,Y el que era mí padre\n
fem felu ngepelay  ,De hacerlo así no hubo.\n
fey ñi üdeyem che,ahí es donde lo desprecian\n
uh kiñekemu kutraniem foro,Algunas veces me duele la dentadura \n
pütrem reke chumngechi pütremtukukey,"como cigarro, como si  fumara \n"
re chenuam iñchiñ   peñi fem femüy ,solo persona somos nosotros hermano así es\n
noise ka che yagem tati kümi piki,Otra gente yagen ese es buen dice.\n 
ürem mamüllmu che,"la madera húmeda la gente,\n"
alütukevuy mongem che pingi,muchos años vivía la gente dicen.\n
welu inche ta nien ta ngünayem ,pero yo tengo escogidos en mi casa\n
ta nietuvuiñ ta tüveyvem ,ahora he tenido a esos\n
inche inche tañi chawem ,mi...mi finado padre\n
ta veyta vem ta kimnievuy ,ahora esto se sabe todo\n
vey ñi chawem ,y mi finado padre\n
vem ta pichin ,todo un poco\n
vam  ngüpem am  tati peñi ,\n
vem ta pichin ta ayentututuy ,todo un poco \n
vem tripaki ,todo sale\n\n
vem tripaki ta kiñe ,todo sale un poco\n
vem tripaki ta kiñe chacha ,todo sale un abuelo\n
weketrem ta ta,los nuevos que han crecido ahora.\n
welu pichikeche pukem miawi ,pero los niños en tiempo de lluvias andan\n
fücha kutraniem che pewetulay ,tienen una gran enfermedad la gente ya no encuentran\n\n
fey miawkefuy ñi ñukeem ngillay ,eso andaba y la fue mi mamá compro 
shem duam ngelay tati ,Que no lo quieren pues.\n
abueluem ta ka turkefuy funa ,abuelo entonces también se sana \n
willeñengu pütokoy chafoyem ,con orina podrida lo toma cuando se refria. \n
ta elungi chi incheñi ñukeem ,Esta le dieron la que era mi madre
chew katrüle fem tukungi tati ,donde se corto asi lo colocan pues\n
inche ta we trem chau ,"yo cuando recién crecí, padre.\n"
namun nem ,lo que son los pies
kiñ chawem tüfa fücha ,mi Padre que era anciano\n
fem ñamkületuy ngewelay ta lawen,Asi esta desaparecido  ya no hay remedio\n
uh trürem kelafuy che,no  eran para que la gente lo iguale\n
lonko llanküyem ,cuando se caemi pelo\n
rüngül piluyem ,dolor de oido\n
pütakechey em feymew tremün abuelumu ,los ancianos por eso me críe donde el abuelo\n
wingka ial ta falilay pikefuy pütakecheem ,comida huinca no es valido decía los ancianos\n
feli ka lauem feli ka ta ka kaletulu ,Es así pues hermano es así pues esta diferent
pikefuy pütakecheem moyolngi feymu ,decían los ancianos le daban leche ahí\n
iñche feypikefenu ñi pütakecheem ,a mí me decía mis ancianos
may rume umawtufem noise,Sí dormia mucho\n
afi iñche afkentu kintumekevunem ,Se acabo yo iba mucho a buscar\n
kimdewmallefinem ,Yo lo se preparar\n
noise feyta ialem ta kuyfi noise ,tambien comida antes\n
fem femle femi müten ,Sera asi asi no mas\n
noise feyti longko kutraniem ,esa enfermedad de la cabeza\n
aftukefuy kutran mekevuy ñi abuelaem ,Se acaba la enfermedad mi abuela era curiosa\n
watronentuy fem entukunuy müten ,lo quebro y saco asi lo dejo sacado no mas\n
spamucha spavece tutealu  tuteafuluem ,muchas veves le puede hacer bien atrevece no lo hace bien\n
finawem dungumu ,asunto del finado\n
finawem katrütuenu ,el fina o me hizo que no fuera\n
kümelkafunem pu ,Yo lo hice bien pues\n
ganameafunem pu ,iria a ganar pues\n
kanavunem spapero eluñmalanu iñ finawem ,\n
müñanagmeki tañi vem tañi kalül ,estaba debil mi asi era mi cuerpo.\n
inche ta kim rupan tañi abueluem ,yo  se pasar con mi abuelo \n
pikefuiñ ñi abueluem ,decían  nuestro abuelo\n
pifiñ domingo finaw domingo em ,decía Domingo finado Domingo \n
throatfeychi pütrem tukelu may,Ese cigarro tomarlo si\n
feyta ahpienu tachi kude machiem ,entonces eso me dijo esta anciana finada machi \n
  no piafiel yewefunem ,para decirle no me dio vergüenza \n
fey ñi feypinmatu ñi foro mallem kay noise,hay me lo dijo mi hueso tío paterno  pues \n
fem llimay chaw femlli ,Así es padre así es \n
ngillatuem fanteñma rume  ,hago ngillatun hasta hora \n
welu pitrunmeki mawayem ,Pero ...........................\n
müli ka pitrunmeki mawayem femuechi spacocina reke ,hay también haciendo humo ......como cocina parece \n
familia chafo yem ,cuando la familia está con tos\n
fey tüfi kay hoja yem chumngechi kimngekefuy,Y esa hoja como conocía.
hojayem trapimu ,Cuando se oja con ají\n
  embese traniem ütrüfpuwken pu,"a veces cuando me caigo, caigo lejos pues.\n"
rume kutraniem lonko,para el dolor de cabeza\n
kuyfimu feyti ñi kuyfi paluem llemay,por ejemplo esa mi antigua tía\n
fem pasi lelinetukefin pu,eso vino hacer y yo lo observaba pues\n
fey ñi chawem engu ,con mi padre
inarumen pitalmu puwülenew ñi chawem ,"seguí por sea el caso, mi padre me llevó hasta el hospital\n"
awelaem pilewetuken feula may,la que era mi abuela digo ahora\n
üyñi ñikeyem nieku am ,el nombre que me tenía su alma\n
fey incheñ chawem ka üllkükefuy pu,y el que era mi padre también escuchaba pues.\n
feychi inche ñi chaweluem ,y ese era mi pobre abuelo\n
amedia ki ñi chawem ,tomaba a media el que era mi padre\n
ñi awütuy ñi chawem ,la alegría de mi  padre\n
ñi chawem ka feypikefuy ñi ñuke,mi padre también contaba mi madre.\n
tukulpayem kom sungu pu,cuando se acordaba de todas las cosas pues.\n
kuyfi ngañi chi aweluem ,antes el que era mi abuelo\n
kay uh trafentuyem che,cuando se ojan las personas\n
ka eymün tamün poyem anümka tüfi peñi,también usteden en su planta agradecida esos hermano? \n
fem chi kon niefin ,que lo tengo todos \n
veyta fem kümelingün tati ,entonces están bien pues \n
nieymufuyem mapu   ,Si tiene su tierra \n
kimfuyem lawen ,sabia si remedio \n
veymu mongeltungekevuy ñi chawem ,ahí se recuperaba mi finado padre \n
küymiyem machi ,Cuando esta en trance la machi \n
kiñe elaweni inger kevuy yem ,un niñito chico tenia mal pues \n
küme veyngevuy em pu ,mucho eso era pues \n
vem chey tüvi ,le hizo eso la gente \n
mülevuyem pu,Había pues. \n
mülevuyem pu  ,Están pues \n
pafmuyem che kay ,cuando tiene pasmo la gente pues. \n
tañi wekufü tañi agueluem ,"el diablo, su finado abuelo.\n"
uficha amediay ñi chauem ,"pidió ovejas en media mi finado padre,\n"
vez kulliñ niekefun kulliñ trawümkillem ,"vez animales tenía animales los juntaba, \n"
mülekefuy ñi povre chauem ,había estado mi pobre padre. \n
coughpütrem femkünueneu ,el cigarro me dejo así \n
 si  tiene pütrem pütremafimi ,"si tienes cigarro con eso lo espanta,\n"
ñi chauem mongeli petu may ,"mi  padre estaba vivo todavía claro, \n"
tañi perdenmu tañi finawem ,cuando perdí a mi finado.\n
 sí feyta ñi wetruem ,Sí este mi hombre\n
pelocheki müleyem peloche püllü,"hay quienes ven, quienes ven los espirítus\n"
feyti mallem uh eymi,Y aquel tío suyo \n
müleyem ta ngillatun miauki ta,en donde hay rogativa anda el \n
feula ta tofillem kutran ta müley ,Ahora hay distintos tipos de enfermedades\n
tofillem  liwen elukefiñ,"todas las  mañanas les doy,\n"
müley kampumu tofillem lawen,hay en el campo diversos remedios.\n
tofillem lawen kiñe  tetera,Una tetera de diversos remedios\n
tofillem lawen müley,hay diversos remedios.\n
tofillem  kutran  mülelukay,para  las diversas  enfermedades que  existen.\n
fey fem lawentukefiyiñ ta iñchiñ ,entonces todo tipo de remedio aplicamos nosotros\n
tofillem kutran ,toda clase de  enfermedades \n
tofillem filu mülelu kampumukay ,"como hay diferentes tipos de culebra en el campo,  \n"
tofillem lawen nielu iñche ñi rukamu ,como tengo diversos remedios en mi casa\n
chumngechi tañi doy kanayal piyem ka,de que forma pueden ganar más dicen pues.\n
ta fem rumelay ,"así no más no pasaban, \n"
akuketuy pukem ta ,Vuelven a llegar en invierno\n
feyta felekanoluem iñchiñ,si de esa forma no estamos nosotros.\n
feymu fey peñi uh p kütraniem eymün ,es por eso hermano que tenemos enfermo \n
mülelu pu lamngem kimüupuafuy ka ,las hermanas que hay aprenderían también \n
ka küpayayem re pülatamu,para traerlas con pura plata.\n
tukupayayem feyta traf puke re puke domo ,"para llegar, solamente puras mujeres \n"
tañi ngellipuyem peñi,para hacer rogativa hermano.\n
feyta pingekefunem tati,eso me decian pues.\t\n
ñi chawem tttttttttt,mi padre\n
tañi peñi chawem tttttttt,"los hermanos, el papá,\n"
nüan ta mapu feyta piwüyu feyta fem ,"agarraré la tierra, eso le dijé, eso hizo\n\n"
ñomkawelluem tiyipüle,amansé caballos por ahí\n
eymün tüfamu pukem ,ustedes aquí en tiempo de lluvias\n
kimpan ñi chawem ,conocí la era mi padre\n
tanoise ka pichike adümuwi ñi ñukeyem  ,entonces también la que era mi mamá sabia un poco\n
tüfa tañi küdawem tiürke rumel,éste era mi trabajo allá siempre.\n
pulu miem ka,\n
wente piem tripay,\n
fey amuen pukem ,mientras más avanza el invierno \n
fem patillamu mulay pikingün ,con esa pastilla no hace nada dicen ellos\n
ka ngenoyem tüfichi kore kore pengelay ,también si no hay ese corre corre no se encuentra.\n
dew perdey tañi chawem ,cuando ya se había perdido mi finado padre\n
kafem tukungi deyutufi chi lawen engu ,ese tro tambien lo coloco el remedio 
kiñe feyta kutranchengi doy ta chi mülepulu üyiw ta trawümkillem ,"solo uno el que vive allá en trawünkillen,\n"
fey feypienu chi füta wentruem ,si él me dijo viejo hombre\n
kurengetulu ñi chawem ,cuando se caso mi padre\n
kechu wentru wem nengün ta tüva,cinco hombres tengo ahora\n
kimüymalayu chgem kutran ngen,no le encontro ninguna enfermedad.\n 
inche ñi chawem faltay ,mi padre le falto\n
fey tüfi kay uh hm  allfüyem ,Y eso pues la herida\n
lafnoyem pitalmu yengekeyngün kom ,Para no morir el hospital lo lleban todo\n
welngiyem kay,Cuando se quebaran pues.\n 
kutraniyem peumakeymi lawen,Cuando te enferma sueña el remedio.\n 
kiñekemu femken noise pen ta pütrem ta ,Algunas veces lo ago cuando tengo cigarro pues\n
kutraniyem foro chumngechi lawentüukefuymün,Cuando tenían dolor de diente como se hacían remedio?\n
müleayem welu amukeymi,Pero cuando hay usted va.\n
uh konpuken anay feytañi chawem tañi,Entro pues este mi finado padre mi.
rume duravuyem ,harto duraban \n
spacien añu kafuyem ka,Había durado cien años también. \n
kuyfiche rume kimfuyem ka ,los antiguos harto sabían también.\n
ngemi kutraniem  ,llevan cuando esta enferma \n
 fey tañi rüleyem afeluwngi ka,ya estoy aburrida de la fiebre también.\n
kutraniem tañi matra ,Cuando se enfermo de la canilla \n
tamuem spacelular,también celular?.\n
karganem ta amuken ,Cuando voy a cargar  \n
fey pukem ,y en el invierno\n
ka wüniem ,y también de amanecida\n
ruka müleyem che,cuando las personas estan en las casas.\n 
iyem che pütokoyem ko,cuando come la persona y cuando toma agua\n
kutranyem pel,cuando duele la garganta\n
kutraniem ,para cuando duele\n
rume kutranyem chi pel uh piken,cuando duele mucho  la garganta digo\n
pütokoyem che,cunado la persoan toma\n
trapituyem ,cuando come ají\n
fem tripaki pukem ,así salen en el invierno\n
kore noyem ta yagel ,Cuando no corren los remedios\n
fey empachuleyem che,y cuando las  personas  se empachaban\n
fey akuliem chi lüfor chi chilko,y cuando se trae ese flor de chilko\n
yüfküngeyem uh chi chilko pipen nga,cuando se pica el chilco decía  pues\n
yüfkü ngeyem uh chilef mu,cuando se pica con el  jillett\n
fey firnawyem ,y cuando este se enfría\n
fey pitruyem pichikeche ,y cuando los niños les da la sarna\n
fey puwiyem wariamu,y cuando llega a la ciudad\n
lamngen müli uh kutraniem foro ,"Hermana hay, cuando duele la muela\n"
areleyem wekun tripay,o esta caliente y sale para afuera\n
ka kiñekemu areleyem che ,y algunas veces cuando las personas estan acaloradas\n
fey kutran küleyem che ,y cuando la persona esta enferma\n
fey areleyem chi lawen ,y cuando el remedio esta caliente.\n
kuduyem che,cuando la persona se acuesta\n
kudukunuyem che ,cuando se acuesta\n
putokoyem no,cuando bebe no\n
kütrüfingeyem tukungeki lonkomu,y lo estrujado se coloca en la cabeza\n
inche fem femkimneken,yo así lo he sabido\n
kiñekemu rume iyem itrofill iyagel,"algunas veces, cuando se come muchas comidas diferentes\n"
wecha kunuyem nga ,cuando lo deja mal\n
iyal fayiyem iyagel nga tüfi,comida cuando se fermenta la comida.\n 
kutraniem pürüm,cuando se enferma de inmediato.\n
penoyem lawen che,cuando la persona no encuentra remedio\n
ta tungeyem chi pichikeche,cuando lo toman al niño\n
nentu tami ropa pingeyem ,cuando se lo estan sacando la ropa\n
küsawnoyem dekansaleyen soy kutrankenpi,"Cuando no trabaja, si estoy descansado, duele más todavía.\n"
welu küsawyem pun  ,"Pero cuando trabaja, en la noche.\n"
fem femluchi chaw  ,"Eso, eso paso padre.\n"
kimpakevuy tañi fücha chawem ,Había alcazado a  conocer  mi viejo padre\n
ka noise vey servikevuyiñ ñi chawem ,y en eso les servíamos también a nuestro padre\n
femngechi kimpay ñi chawem ,así vino a saber  mi padre\n
rumemum fey anta kidu ta vem rumelay tati,"por mucho que sea, ella no creo que se haya hecho eso.\n"
kidu ta vem rumelay tati,Ella sola no pudo hacerlo pues\n
