ISO639.3;language
naq;Nama
knw;!Kung
hts;Hadza
sad;Sandawe
kwz;Kwadi
ras;Orig
ewe;Ewe
mnk;Mandinka
fub;Fula
ijc;Ijo
gbp;Gbeya
lug;Luganda
kau, knc;Kanuri
fvr;Fur
ikx;Ik
nrb;Nera
kzh;Nubian
laj;Lango
mas;Maa
niq;Nandi
guk;Gumuz
yor;Yoruba
kab;Kabyle
hau;Hausa
kna;Kanakuru
ttr;Tera
egy;Egyptian (Ancient)
akk;Akkadian
arb;Arabic
amh;Amharic
mdx;Dizi
hae;Oromo
bej;Beja
sux;Sumerian
elx;Elamite
xhu;Hurrian
eus;Basque
hit;Hittite
;Tocharian
fra;French (colloquial)
hye;Armenian (Eastern)
eng;English
rus;Russian
wbk;Waigali
oss;Ossetic
als;Albanian
inh;Ingush
kjj;Xinalug
udi;Udi
lez;Lezgi
dar;Dargi (Kubachi)
lbe;Lak
abk;Abkhaz
yrk;Nenets (Tundra)
hun;Hungarian
kpv;Komi (Zyrian)
fin;Finnish
chv;Chuvash
tyv;Tuva
krc;Karachay-Balkar
khk;Mongolian (Khalkha)
;
Mongolian (Khalkha), Mongolian (Khalkha);
;
;
gld;Nanai
ykg;Yukagir (Tundra)
ket;Ket
ain;Ainu
jpn;Japanese
kor;Korean
ckt;Chukchi
itl;Itelmen
ale;Aleut
ynk;Naukan
bsk;Burushaski
nlx;Nahali
kfe;Kota
cmn;Mandarin
mhu;Mishmi
pmi;Pumi
lhu;Lahu
ksw;Karen (Sgaw)
pcj;Gorum
tea;Temiar
caq;Car
abj;
oon;Onge
tha;Thai
cov;Cao Miao
pwn;Paiwan
cha;Chamorro
tgl;Tagalog
bhq;Tukang Besi
mhs;Buru
slp;Lamaholot
ksd;Tolai
dhv;Drehu
tbo;Tawala
pon;Ponapean
fij;Fijian (Boumaa)
smo;Samoan
kvd;Kui (Indonesia)
saj;Sahu
tpg;
dmy;Demta
dni;Dani (Lower Grand Valley)
;retire_Yali
kew;Kewa
wiu;Wiru
sll;Salt-Yui
ygr;Hua
usa;Usarufa
sue;Suena
bbb;Barai
kpw;Kobon
mfw;Mulaha
kmg;Kâte
yva;Yawa
wsa;Warembori
bzu;Burmeso
bvz;Bauzi
tmu;Iau
;Asmat
kvg;Boazi
kig;Kimaama
kiw;Kiwai
kcd;Ngkalmpw Knwme
pwa;Pawaian
set;Sentani
nir;Nimboran
mrf;Elseng
vam;Vanimo
wrs;Waris
yuj;Karkar
yss;Yessan-Mayo
ksi;Krisa
aon;Arapesh
opm;Oksapmin
amp;Alamblak
yee;Yimas
gpn;Gapun
kmn;Awtuw
kps;Tehit
aey;Amele
tya;Tauya
wnu;Usan
wsk;Waskia
sua;Sulka
anz;Anêm
siw;Motuna
kyx;Konua
byx;Baining
nfl;Aiwo
tyn;Kombai
bkl;Berik
kiy;Kirikiri
oia;Oirata
lev;Lamma
kvw;Kolana
dbl;Dyirbal
kdd;Yankunytjara
aer;Mparntwe Arrernte
dif;Diyari
urf;Uradhi
duj;Djapu
wyb;Ngiyambaa
;Wemba Wemba
mpc;Mangarayi
jig;Djingili
gcd;Yukulta
gyd;Kayardild
gup;Gunwinggu
nig;Ngalakan
wrz;Waray
wrr;Wardaman
tiw;Tiwi
mfr;Marrithiyel
mwf;Murrinh-patha
mpb;Malak-Malak
mph;Maung
gni;Kuniyanti
nyh;Nyigina
ung;Ungarinjin
mep;Miriwung
wnd;Warndarang
alh;Alawa
gbu;Gaagudju
gbc;Garrwa
nck;Nakkara
nuy;Nunggubuyu
lrg;Larakiya
peb;Pomo (Eastern)
dih;Diegueño
cid;Chimariko
kyh;Karok
sht;Shasta
was;Washo
yok;Yokuts (Yawelmani)
;Sahaptin
nmu;Maidu (Northeast)
nez;Nez Perce
skd;Miwok (Southern Sierra)
wit;Wintu
wac;Wishram
inz;Ineseño
hax;Haida
kut;Kutenai
sln;Salinan
tjm;Timucua
zun;Zuni
tkm;Takelma
wiy;Wiyot
yur;Yurok
crk;Cree (Plains)
oji;Ojibwa
aqp;Atakapa
paw;Pawnee
qui;Quileute
ctm;Chitimacha
see;Seneca
kjq;Acoma
kio;Kiowa
cku;Koasati
nav;Navajo
scs;
tli;Tlingit
eya;Eyak
cho;Choctaw
ncz;Natchez
shs;Shuswap
squ;Squamish
lkt;Lakhota
tqw;Tonkawa
git;Gitksan
tun;Tunica
aes;Alsea
lui;Luiseño
shh;Tümpisa Shoshone
ood;O’odham
ppl;Pipil
kwk;Kwakwala
noo;Nuuchahnulth
yuc;Yuchi
wao;Wappo
pei;Chichimec
mig;Mixtec (Chalcatongo)
chd;Chontal (Highland)
;Huave
miq;Miskito
;Mixe
tsz;Tarascan
tee;Tepehua (Huehuetla)
tzj;Tzutujil
;Cuitlatec
pbb;Paez
gym;Guaymí
kbh;Camsá
cni;Axininca Campa
rgr;Resígaro
pad;Paumarí
con;Cofán
cbu;Candoshi
jiv;Shuar
yad;Yagua
auc;Waorani
ura;Urarina
bmr;Muinane
qub;Quechua (Huallaga)
jqr;Jaqaru
yuz;Yurakare
cbs;Cashinahua
pue;Gününa-Küne
alc;Kawesqar
arn;Mapudungun
;Huarpe
;Mataco
xra;
myp;Pirahã
ito;Itonama
tba;Aikaná
nab;Nambikwara
irn;Iranshe
tpy;Trumaí
mzp;Movima
cyb;Cayuvava
gug;Guaraní (Paraguayan)
hix;Hixkaryana
xsu;Sanuma
wba;Warao
hti;Hoti
bod;Tibetan (Standard Spoken)
byw;Belhare
deu;German
wbp;Warlpiri
isl;Icelandic
ace;Acehnese
;Quiche
nep;Nepali
hin;Hindi
mai;Maithili
swa;Swahili
che;Chechen
cnh;Hakka Lai
mri;Maori
kat;Georgian
abt;Ambulas
imn;Imonda
vma;Martuthunira
kun;Kunama
lgg;Logbara
mrt;Margi
som;Somali
ses;Koroboro Senni
;Berber
cos;Hanis (Coos)
niv;Nivkh
ggn;
gle;Irish
whg;Ku Waru
ayz;Maybrat
nas;Nasioi
ute;Paiute (Southern)
sis;Siuslaw (Lower Umpqua)
khq;Songhai (Koyra Chiini)
fut;Futuna (West)
rma;Rama
esu;Yup’ik (Central)
pes;Persian
ady;Circassian (West)
zai;Zapotec (Isthmus)
jac;
one;Oneida
mya;Burmese
ell;Greek (modern)
mrc;Maricopa
sag;Sango
pma;Paamese
new;Newar (Dolakha)
kwi;Awa Pit
ahk;Akha
cof;Tsafiki
rmb;Rembarrnga
poi;Sierra Popoluca
tri;Trió
car;Kalihna
mca;Maká
win;Hocak
amn;Amanab
sva;Svan
wwr;Warrwa
tnl;Lenakel
mrw;Maranao
nyv;Nyulnyul
kpx;Koiali (Mountain)
ngr;Nagu
bav;Babungo
dur;Dii
daf;Dan
mlg;Malagasy
zoc;Zoque (Copainalá)
bsn;Barasano
vie;Vietnamese
kgo;Krongo
ind;Indonesian
spp;Supyire
ote;Otomi (Mezquital)
ape;Bukiyip
blu;Hmong Njua
mni;Meithei
tur;Turkish
yaq;Yaqui
grb;Grebo
dgz;Daga
mbl;Maxakalí
yre;Yaouré
yok;Yokuts
top;Totonac (Papantla)
pjt;Pitjantjatjara
kal;Greenlandic Eskimo (West)
apu;Apurina
ayr;Aymara
bmi;Bagirmi
bam;Bambara
bgr;Bawm
brh;Brahui
bzd;Bribri
chl;Cahuilla
tsi;Tsimshian (Coast)
com;Comanche
dyo;Diola-Fogny
ekg;Ekari
sja;Epena Pedee
evn;Evenki
grt;Garo
hbo;Hebrew (Biblical)
huz;Hunzib
ibo;Igbo
arh;Ika
que;Quechua (Imbabura)
irk;Iraqw
kan;Kannada
hmt;Kapau
kyu;Kayah Li
ker;Kera
kha;Khasi
kjg;Khmu
kij;Kilivila
gil;Kiribatese
kon;Kongo
btx;Koro Batak
kfz;Koromfe
lbj;Ladakhi
lav;Latvian
lvk;Lavukaleve
cle;Chinantec (Lealao)
lep;Lepcha
lue;Luvale
mde;Maba
myh;Makah
zmr;Maranungku
mrz;Marind
muw;Mundari
mur;Murle
niy;Ngiti
cgg;Nkore-Kiga
pqm;Passamaquoddy
rap;Rapanui
ona;Selknam
sza;Semelai
shp;Shipibo-Konibo
pom;Pomo (Southeastern)
spa;Spanish
mky;Taba
tzm;Tamazight (Ayt Ndhir)
nhg;Nahuatl (Tetelcingo)
mtg;Una
urb;Uruba-Kaapor
wmb;Wambaya
pav;Wari
wic;Wichita
huu;
knw;!Xu
yii;Yidiny
zul;Zulu
axb;Abipon
heb;Hebrew (Modern)
fij;Fijian
kfb;Kolami
cbt;Chayahuita
aoc;Pemon
ach;Acholi
efi;Efik
nbw;Ngbandi
nhr;Nharo
mhr;
por;Portuguese
hye;Armenian (Western)
uig;Uighur
ess;Yup’ik (Siberian)
mly;Malay
khm;Cambodian
coc;Cocopa
akz;Alabama
hva;
aro;Araona
pie;Piro
quz;Quechua (Cuzco)
njm;Naga (Angami)
kfk;Kinnauri
;Rangpas
bee;Byangsi
chx;Chantyal
lhm;Lhomi
bft;Balti
vay;Hayu
kas;Kashmiri
mjt;
sat;Santali
scl;Shina (Eastern)
yma;
asm;Assamese
ben;Bangla
new;Newar (Kathmandu)
ori;Oriya
arz;Arabic (Egyptian)
kiz;Kisi
kzw;Kiriri (Kipea)
had;Hatam
xok;Xokleng
bor;Bororo
jek;Jeli
dkl;Dogon
hnh;//Ani
xuu;Khoe
nmn;!Xõo
ncg;Nisgha
gup;Mayali
khe;Korowai
jao;Yanyuwa
mwp;Kala Lagaw La
bdy;Bandjalang
djj;Ndjebbana
apt;Apatani
kac;Dulong
kgj;
ynn;Yana
xcw;Coahuiltec
tdh;Thulung (Mukli)
tlc;Totonac (Misantla)
kbk;Koiari
klj;Khalaj
duu;Jinghpo
pbh;Panare
lif;Limbu
kbd;Circassian (East)
kur;Kurmanjî
swe;Swedish
bul;Bulgarian
udm;Udmurt
mns;Mansi
kca;Khanty
yua;Yucatec
ron;Romanian
kla;Klamath
dal;Dahalo
hop;Hopi
crn;
;Rarámuri
nmm;Manange
bod;Tibetan (Lhasa)
lmc;Limilngan
jap;Jarawara
sac;Fox
ccc;Chamicuro
guc;Wayuu
mau;Mazateco (Huautla)
san;Sanskrit
sme;Saami (North)
sma;Saami (South)
smj;Saami (Lule)
sje;Saami (Pite)
sju;Saami (Ume)
sms;Saami (Skolt)
smn;Saami (Inari)
sjt;Saami (Ter)
sia;Saami (Akkala)
sjd;Saami (Kildin)
fao;Faroese
nob;Norwegian (Bokmål)
nno;Norwegian (Nynorsk)
enf;Enets (Forest)
nrn;Shetland Norn
gla;Scottish Gaelic
yrk;Nenets (Forest)
koi;Komi (Permyak)
pao;Paiute (Northern)
kim;Tofa (Karagas)
kgy;Tibetan (Kyirong)
cng;Qiang
bod;Tibetan (Dege)
taj;Tamang (Eastern)
ita;Italian
cat;Catalan (Standard)
srd;Sardinian
kzq;Kaike
mgp;Magar
ths;Thakali
ett;Etruscan
xtz;Tasmanian
dlc;Dalska
rji;Raji
tbc;Takia
sbe;Saliba
eve;Even
kqz;Korana
kik;Kikuyu
run;Rundi
mor;Moro
tic;Tiro
nyi;Nyimang
aid;Anguthimri
ado;Arapesh (Abu)
;Ayomán
aze;Azerbaijani
;Bahuana
;Berber (Figuig)
;Betoi
adi;Bokar
adi;Bori
bgg;Bugun
yil;Bularnu
ram;Canela
;Chasta Costa
xch;Chemakum
;Colac
xcm;Comecrudo
css;Costanoan
;Cuica
doc;
;Esmeralda
opt;Eudeve
frr;
adl;Gallong
;Guaque
;Sign Language Hong Kong
;Juat
zkk;Karankawa
zku;Kaurna
bwv;
zko;Kott
rop;Kriol (Fitzroy Crossing)
;Kuala
xwa;Kwazá
;Lughat al-Isharat al-Lubnaniya
;Lule
;Madimadi
;Maipure
yab;Máko
rnp;Marchha
mnt;Mayi-Yapi
vmb;Mbabaram
adi;Milang
omc;Mochica
mon;Khamnigan
;Nahuatl (Huauchinango)
;Nahuatl (Milpa Alta)
;Nahuatl (Pochutla)
yia;Nhanda
puq;Puquina
quh;Quechua (Bolivian)
;Romani (Sepecides)
;Russian-Chinese Pidgin
wee;
xtz;Tasmanian (Oyster Bay to Pitwater)
tpw;Tupi
;Tzeltal
uzb;Uzbek
;Warrnambool
;Wathawurrung
;Western Desert (Ooldea)
;Woiwurrung
;Womo
;Yaygir
ydd;Yiddish
;Yorta Yorta
;Yurimangí
aaa;Ghotuo
aal;Kotoko
aau;Abau
abb;Bankon
abe;Abenaki (Western)
abi;Abidji
abq;Abaza
aca;Achagua
acc;Achí
abj;Aka-Biada
acv;Achumawi
aci;Aka-Cari
acm;Arabic (Iraqi)
acn;Achang
acu;Achuar
acw;Arabic (Hijazi)
acy;Arabic (Kormakiti)
adj;Adioukrou
ads;Sign Language Adamorobe
adt;Adynyamathanha
adx;Amdo
aeb;Arabic (Tunisian)
aed;Sign Language Argentinian
pqa;Pa'a
afb;Arabic (Gulf)
abv;Arabic (Bahrain)
afr;Afrikaans
afn;Defaka
aar;Qafar
afz;Obokuitai
agd;Agarabi
agg;Anggor
agh;Lebeo
agm;Angaatiha
agq;Aghem
agr;Aguaruna
agt;Agta (Central)
agu;Aguacatec
agx;Aghul
ahh;Aghu
ahi;
aht;Ahtna
aia;Arosi
aib;Aynu
aie;Amara
aii;Neo-Aramaic (Assyrian)
aij;Neo-Aramaic (Arbel Jewish)
aiz;Aari
aja;Aja
aji;Ajie
ajp;Arabic (Palestinian)
akc;Mpur
akl;Aklanon
akr;Araki
akv;Akhvakh
akx;Aka-Kede
ald;Alladian
alq;Algonquin
alo;Larike
alp;Alune
alr;Alutor
alt;Altai (Southern)
alu;'Are'are
ais;
aly;Alyawarra
amc;Amahuaca
ame;Amuesha
amf;Hamer
amk;Ambai
amo;Amo
amr;Amarakaeri
amu;Amuzgo
zmr;Emmi
anc;Angas
ane;Xârâcùù
anh;Nend
ani;Andi
ank;Goemai
ann;Obolo
ano;Andoke
anq;Jarawa (Andamans)
anu;Anywa
any;Anyi
aoa;Angolar
aoi;Anindilyakwa
aom;Ömie
apy;Apalaí
apb;Sa'a
apc;Arabic (North Levantine Spoken)
aph;Athpare
apj;Apache (Jicarilla)
apm;Apache (Chiricahua)
apn;Apinayé
apq;A-Pucikwar
apr;Arop-Lokep
apw;Apache (Western)
apz;Ampeeli
ake;Akawaio
aqc;Archi
ard;Arabana
are;Arrernte (Western)
ari;Arikara
arl;Arabela
arp;Arapaho
arr;Karó (Arára)
rkb;Rikbaktsa
arv;Arbore
arw;Lokono
ary;Arabic (Moroccan)
asa;Pare
ase;Sign Language American
asf;Auslan
asu;Asuriní
atq;Aralle-Tabulahan
atw;Atsugewi
aty;Anejom
ast;Asturian
aul;Aulua
aun;One
auw;Awyi
auy;Auyana
avn;Avatime
ava;Avar
avt;Au
avu;Avokaya
awb;Awa
awa;Awadhi
awi;Awin
awn;Awngi
 Kunfäl; Kunfel)
 Kunfäl; Kunfel)
axk;Aka
ayl;Arabic (Eastern Libyan)
ayn;Arabic (San'ani)
ayo;Ayoreo
azb;Azari (Iranian)
azr;Adzera
azz;Nahuatl (Sierra de Zacapoaxtla)
bas;Basaa
bae;Baré
bag;Tuki
bwi;Baniwa
ybb;Yemba
bao;Barasano (Northern)
bar;German (Bavarian)
baw;Mbili
bax;Bamun
baz;Tunen
bba;Bariba
bbc;Batak (Toba)
bbd;Bau
bbl;Tsova-Tush
bbn;
bbo;Bobo Fing
baa;Sisiqa
bci;Baule
bcj;Bardi
bck;Bunuba
bcm;Banoni
bco;Kaluli
bcq;Gimira
bcs;Kohumono
bcw;Bana
bcx;Pamona
bis;Bislama
bde;Bade
ckb;Kurdish (Central)
bdh;Baka (Sudan)
bdk;Budukh
bdl;Bajau
bdm;Buduma
bdq;Bahnar (Plei Bong-Mang Yang)
bds;Burunge
bdu;Bakundu
bef;Benabena
beq;Beembe
blc;Bella Coola
bng;Benga
bet;Bété (Guiberoua)
bew;Betawi
bex;Jur Mödö
bfa;Bari
bfd;Bafut
bfq;Badaga
bfu;Gahri
rem;Remo
bal;Baluchi
bgq;Bagri
bgz;Banggai
bhb;Bhili
bhg;Binandere
bho;Bhojpuri
bfi;Sign Language British
bhp;Bima
bhw;Biak
bia;Badimaya
bib;Bisa
bid;Bidiya
bif;Biafada
bii;Bisu
bim;Bimoba
brf;Bira
bpr;
bjb;Banggarla
bjh;Bahinemo
bji;Burji
bjr;Binumarien
bjt;
bjy;Dharumbal
bkc;Baka (Cameroon)
bkd;Binukid
bkk;Brokskat
bik;Bikol
bkm;Kom
bkq;Bakairí
blb;Bilua
bla;Blackfoot
bli;Bolia
bll;Biloxi
blw;Balangao
blz;Balantak
bmu;Burum
bem;Bemba
bnc;Bontok
bnh;Banawá
bni;Bobangi
bnq;Bantik
boa;Bora
boi;Barbareño
bol;Bole
bom;Birom
loy;Baragaunle
bot;Bongo
boz;Bozo (Tigemaxo)
bpp;Kaure
bug;Bugis
bpu;Bongu
bqc;Boko
bqp;Busa
;Kata Kolok
brb;Brao
brc;Berbice Dutch Creole
brg;Baure
bri;Bakueri
brm;Barambu
brn;Boruca
bre;Breton
bru;Bru (Eastern)
brv;Bru (Western)
brx;Bodo
bsc;Basari
bsh;Kati (Afghanistan)
bsp;Baga Sitemu
bsw;Bayso
bsz;Basque (Souletin)
bth;Biatah
bya;Batak
btz;Alas
bue;Beothuk
buf;Bushoong
puu;Punu
bxk;Bukusu
bum;Bulu
buo;Buin
bwr;Bura-Pabir
bvb;Bubi
bvq;Birri
bvr;Burarra
bvs;Sign Language Flemish
bvx;Babole
bwe;Karen (Bwe)
bwo;Shinassha
bwu;Buli (Ghana)
bak;Bashkir
bua;Buriat
prx;Purki
byn;Bilin
byr;Baruya
ban;Balinese
bzf;Boiken
bzk;Mískito Coast English Creole
bzq;Buli (Indonesia)
bzr;Biri
bzs;Sign Language Brazilian
caa;Chortí
cab;Garífuna
cac;Chuj
cad;Caddo
cag;Chulupí
cal;Carolinian
cam;Cèmuhî
can;Chambri
cao;Chácobo
crx;Carrier
cas;Mosetén
cav;Cavineña
cax;Chiquito
cay;Cayuga
cbc;Carapana
cbd;Carijona
chb;Muisca
cbg;Chimila
cbi;Cayapa
cbk;Chavacano
cbn;Nyah Kur (Tha Pong)
cbr;Cashibo
cbv;Kakua
cco;Chinantec (Comaltepec)
ccx;Zhuang (Northern)
cdm;Chepang
cdn;Chaudangsi
cdo;Fuzhou
ceb;Cebuano
chr;Cherokee
chc;Catawba
chf;Chontal Maya
chh;Chinook (Lower)
chq;Chinantec (Quiotepec)
crw;Chrau
cht;Cholon
clw;Chulym
chy;Cheyenne
cic;Chickasaw
cir;Tinrin
cit;Bangla (Chittagong)
cja;Cham (Western)
cje;Chru
cjh;Chehalis (Upper)
cji;Chamalal
cjm;Cham (Eastern)
cjo;Campa Pajonal Asheninca
cjp;Cabécar
cjs;Shor
cjv;Chuave
;Cakchiquel
cnk;Khumi
cko;Anufo
cks;Tayo
cla;Ron
cld;Chaldean (Modern)
clk;Idu
clm;Clallam
clo;Chontal (Huamelultec Oaxaca)
cmi;Embera (Chami)
cnt;Chinantec (Tepetotutla)
cob;Chicomuceltec
cod;Cocama
coe;Koreguaje
col;Columbia-Wenatchi
coo;Comox
cop;Coptic
cou;Konyagi
coz;Chocho
cpa;Chinantec (Palantla)
chp;Chipewyan
crc;Lonwolwol
crd;Coeur d'Alene
crj;
crg;Michif
crh;
mus;Creek
cor;Cornish
cro;Crow
crq;
crs;Seychelles Creole
csb;Kashubian
csh;Hyow
csi;Miwok (Bodega)
csl;Sign Language Chinese
csm;Miwok (Central Sierra)
cso;Chinantec (Sochiapan)
csy;Chin (Siyin)
cta;Chatino (Tataltepec)
ctd;Chin (Tiddim)
cti;Chol
cto;Catio
ctp;Chatino (Sierra Occidental)
cua;Cua
cub;Cubeo
cui;Cuiba
cul;Culina
cup;Cupeño
cuc;Chinantec (San Felipe Usila)
cut;Cuicatec
cya;Chatino (Nopala)
ces;Czech
daa;Dangaléat (Western)
dbq;Daba
ady;Adyghe (Abzakh)
ady;Adyghe (Shapsugh)
ady;Adyghe (Temirgoy)
dag;Dagbani
dai;Day
daj;Daju (Dar Fur)
ajp;Arabic (Negev)
dzg;
ale;Aleut (Eastern)
dny;Dení
dap;Nishi
apc;Arabic (Beirut)
apc;Arabic (Lebanese)
apc;Arabic (Syrian)
hye;Armenian (Iranian)
dau;Sila
dav;Dabida
bar;German (Upper Austrian)
bar;German (Viennese)
bdy;Bandjalang (Casino)
bdy;Bandjalang (Waalubal)
bdy;Bandjalang (Yugumbir)
bdy;Gidabal
bfa;Kukú
dbj;Begak-Ida'an
eus;Basque (Basaburua and Imoz)
eus;Basque (Bidasoa Valley)
eus;Basque (Gernica)
eus;Basque (Hondarribia)
eus;Basque (Lekeitio)
eus;Basque (Northern High Navarrese)
eus;Basque (Oñati)
eus;Basque (Roncalese)
eus;Basque (Sakana)
eus;Basque (Zeberio)
cbd;Hianacoto
cbd;Umaua
nan;Chaozhou
nan;Hokkien
nan;Taiwanese
nan;Xiamen
cmn;Kunming
ciw;Chippewa (Red Lake and Pillager)
ojw;Ojibwe (Minnesota)
cld;Neo-Aramaic (Amadiya)
mus;Creek (Seminole)
csb;Slovincian
css;Mutsun
ctp;Chatino (Yaitepec)
daf;Dan (Blowo)
dih;Diegueño (Mesa Grande)
dih;Tiipay (Jamul)
ddj;Djaru
ddo;Tsez
kdx;Kam (Zhanglu)
dts;Dogoso
gcf;Guadeloupe Creole
gcf;Martinique Creole
duj;Dhuwal (Dätiwuy)
nld;Dutch (Brabantic)
nld;Dutch (Limburg)
deg;Degema
del;Unami
tvl;Tuvalu
der;Deori
des;Desano
iku;Inuktitut (Quebec-Labrador)
iku;Inuktitut (Salluit)
iku;Inuktitut (Rankin Inlet)
ikt;Kangiryuarmiut
kal;Greenlandic (East)
kal;Greenlandic (South)
ess;Yup’ik (Saint Lawrence Island)
esu;Yup'ik (Chevak)
esu;Yup'ik (Norton Sound)
shg;Deti
evn;Solon
ewe;Ewe (Anglo)
fub;Fulani (Gombe)
fuc;Fula (Mauritanian)
fuh;Ful (Liptako)
dga;
dgc;Dumagat (Casiguran)
deu;German (Berlin)
deu;German (Hannover)
deu;German (Mansfeldisch)
deu;German (Thuringian)
deu;German (Timisoara)
gle;Irish (Donegal)
gle;Irish (Munster)
gmo;Gamo
gmo;Kullo
ell;Greek (Cypriot)
gsw;Alsatian
gsw;German (Appenzell)
gsw;German (Bern)
gsw;German (Ostschweiz)
gsw;German (Thurgau)
gsw;German (Zurich)
guh;Sikuani
gux;Gurma (Togo)
sgw;Chaha
sgw;Muher
heb;Hebrew (Modern Ashenazic)
dak;
dhi;Dhimal
dhr;Dhargari
dhu;Dhurga
dic;Vata
did;Didinga
ega;Ega
dim;Dime
ind;Indonesian (Irianese)
ind;Indonesian (Jakarta)
din;Dinka
dis;Dimasa
ita;Italian (Fiorentino)
ivv;Ivatan (Southern)
diz;Ding
djd;Jaminjung
dje;Zarma
dji;Djinang
djk;Ndyuka
djr;Djambarrpuyngu
dju;Sare
xtc;Kadugli
xtc;Katcha
kir;Kirghiz (Fu-Yu)
kfy;Kumauni (Johari)
xal;Kalmyk
xal;Kalmyk (Issyk-Kul)
oia;Oirat
kld;Yuwaalaraay
kmz;Turkic (East-Central Xorasan)
kmz;Turkic (West Xorasan)
kzh;Nubian (Kunuz)
kon;Fiote
kpv;Yazva
dlg;Dolgan
lua;Bena-Lulua
dma;Duma
bhm;Bathari
mig;Mixtec (Molinos)
dmk;Dumaki
mly;Ketapang
mly;Malay (Kuala Lumpur)
mnk;Mandinka (Gambian)
mpj;Mantjiltjara
mpj;Yulparija
muw;Bhumij
nam;Ngan'gityemerri
nbj;Bilinara
ncb;Nancowry
ngc;Doko
nij;Oloh Mangtangai
nij;Pulopetak
niv;Nivkh (South Sakhalin)
nog;Noghay (Karagash)
nog;Tatar-Noghay (Alabugat)
nog;Tatar (Yurt)
noo;Kyuquot
noo;Nitinaht
dan;Danish
nst;Jugli
nst;Lungchang
dgo;Dogri
acf;Lesser Antillean French Creole
doo;Dongo
dua;Duala
dow;Doyayo
ood;Nevome
quh;Quechua (Cochabamba)
ras;Rashad
drd;Darmiya
roh;Romansch (Scharans)
roh;Romansch (Surmeiran)
roh;Romansch (Sursilvan)
drl;Paakantyi
rmn;Romani (Ajia Varvara)
rmn;Romani (Bugurdzi)
rmy;Romani (Kalderash)
rmy;Romani (Lovari)
dru;Rukai
ron;Moldavian
dry;Darai
dse;Sign Language Dutch
dsh;Dhaasanac
kth;Karanga
shh;Shoshone (Wind River)
shu;Arabic (Abbéché Chad)
shu;Arabic (Borno Nigerian)
spa;Spanish (Canary Islands)
bos;Bosnian
str;Lummi
str;Saanich
str;Salish (Samish Straits)
str;Songish
str;Sooke
suq;Chai
suq;Tirmaga
swe;Swedish (Västerbotten)
dta;Dagur
tam;Tamil (Spoken)
tew;Tewa (Rio Grande)
tew;Tewa (San Juan Pueblo)
thv;Tuareg (Air)
thv;Tuareg (Ghat)
jda;Jad
spt;Spitian
bod;Tibetan (Modern Literary)
bod;Tibetan (Shigatse)
tig;Tigré (Beni Amer)
tly;Talysh (Azerbaijan)
tly;Talysh (Southern)
tma;Miisiirii
tat;Tatar (Baraba)
tat;Tatar (Mishar)
tzh;Tzeltal (Aguacatenango)
tzh;Tzeltal (Tenejapa)
tzm;Berber (Ayt Seghrouchen Middle Atlas)
duc;Duna
dud;Duka
duf;Paita
dus;Dumi
nld;Dutch
ute;Chemehuevi
jct;Krymchak
wit;Patwin
ydd;Yiddish (Bessarabian)
ydd;Yiddish (Lithuanian)
ydd;Yiddish (Lodz)
dyi;Dyimini
yok;Wikchamni
yok;Yokuts (Yaudanchi)
dyu;Dyula
yuf;Havasupai
yuf;Hualapai
yuf;Yavapai
yul;Binga
dyy;Djabugay
zoc;Zoque (Ostuacan)
zul;Zulu (Northern)
zul;Zulu (Southern)
bin;Bini
eip;Eipo
eko;Ekoti
eky;Kayah Li (Eastern)
tvl;Tuvaluan
ema;Ora (Nigeria)
emb;Embaloh
emi;Mussau
ita;Italian (Bologna)
emp;Embera
enn;Engenni
eno;Enggano
enq;Enga
erg;Erromangan
ese;Ese Ejja
esk;Iñupiaq
esq;Esselen
est;Estonian
etr;Edolo
ets;Etsako
etu;Ejagham
ewo;Ewondo
faa;Fasu
fap;Palor
fcs;Sign Language Québec
fia;Nobiin
fla;Kalispel
fmp;Fe'fe'
fon;Fongbe
foi;Foe
for;Fore
fos;Siraiya
frd;Fordata
gcr;Guianese French Creole
fry;Frisian (Western)
frr;Frisian (North)
frs;Frisian (Eastern)
zrs;Mairasi
fse;Sign Language Finnish
fsl;Sign Language French
fuc;Fula (Senegal)
fud;Futuna (East)
fuf;Fula (Guinean)
fuh;Fula (Burkina Faso)
ffm;Fulfulde (Maasina)
fun;Yaté
fuu;Bagiro
fuv;Fula (Nigerian)
fwa;Po-Ai
gqa;Ga'anda
gaa;
gae;Warekena
gag;Gagauz
gah;Alekano
gaj;Gadsup
gax;Oromo (Boraana)
gaz;Oromo (West-Central)
bza;Bandi
gbd;Karadjeri
gbi;Galela
gbj;Gadaba
gby;Gwari
gcc;Mali
gde;Gude
gdf;Guduf
gdm;Laal
gdo;Godoberi
geb;Kire
ged;Gade
gey;Enya
gfk;Patpatar
gge;Gurr-goni
ggo;
kzh;Nubian (Hill)
ghs;Guhu-Samane
gia;Kitja
gid;Gidar
gin;Hinuq
gis;
guj;Gujarati
gju;Gojri
gkn;Gokana
dhg;Gaalpu
glj;Gula Iro
glk;Gilaki
glg;Galician
glu;Gula (Central African Republic)
gnn;Gumatj
gnr;Gureng Gureng
goa;Guro
gob;Playero
god;Godié
ggw;Gogodala
gol;Gola
cme;Kirma
gow;Gorowa
gor;Gorontalo
gru;Soddo
gsg;Sign Language German
gss;Sign Language Greek
gta;Guató
gub;Guajajara
gue;Gurindji
guh;Guahibo
gui;Chiriguano
gum;Guambiano
guo;Guayabero
guq;Aché
gur;Gurenne
gux;Gurma
guz;Gusii
gva;Guana
gvc;Guanano
gvf;Golin
gvn;Kuku-Yalanji
gvo;Gavião
gvs;Gumawana
gwc;Kalami
gwd;Dullay (Gollango)
gww;Gunin
gxx;
gya;Gbaya Kara
gyb;Garus
gay;Gayo
gyy;Gunya
hac;Hawrami
hdn;Haida (Northern)
hak;Hakka
hal;Halang
har;Harari
has;Haisla
hat;Haitian Creole
hwc;Hawaiian Creole
hay;Haya
hch;Huichol
heh;Hehe
hei;Heiltsuk
hem;Hemba
her;Herero
hia;Lamang
hid;Hidatsa
hil;Hiligaynon
hke;Hunde
hla;Halia
hlb;Halbi
hmr;Hmar
hni;Hani
hnn;Hanunóo
hoa;Hoava
hoc;Ho
hoo;Holoholo
hre;Hre
hss;Harsusi
hto;Huitoto (Minica)
hub;Huambisa
hup;Hupa
huq;Tsat
hur;Halkomelem
huu;Huitoto (Murui)
huv;Huave (San Mateo del Mar)
hux;Huitoto (Muinane)
hvn;Sawu
haw;Hawaiian
iai;Iaai
ian;Iatmul
iba;Iban
ibb;Ibibio
ibd;Iwaidja
ibg;Ibanag
icl;Sign Language Icelandic
idu;Idoma
ifb;Ifugao (Batad)
ifm;Ifumu
igb;Ebira
ige;Igede
ign;Ignaciano
ihp;Iha
ilb;Ila
ilo;Ilocano
imi;Anamuxra
inb;Inga
ing;Degexit'an
ins;Sign Language Indo-Pakistani (Indian dialects)
iow;Oto
iqu;Iquito
irh;Irarutu
isd;Isnag
ise;Sign Language Italian
isg;Sign Language Irish
isi;Nkem
isr;Sign Language Israeli
iso;Isoko
its;Isekiri
itv;Itawis
itz;Itzaj
ium;Mien
ivv;Ivatan
iwm;Iwam
ixc;Ixcatec
ixi;
izh;Izhor
izi;Izi
jaa;Jamamadi
jae;Jabêm
jam;Jamaican Creole
jav;Javanese
jaq;Yaqay
jar;Jarawa (Nigeria)
jbj;Arandai
jbt;Jabutí
jbu;Jukun
jeb;Jebero
jeh;Jeh
jei;Yei
jel;Yelmek
jet;Manem
jhi;Jahai
jic;Tol
jiu;Jino
jmd;Yamdena
jna;Zhang-Zhung
jnj;Yemsa
jru;Japreria
jsl;Sign Language Japanese
juc;Jurchen
jun;Juang
jup;Hup
jur;Juruna
jya;Jiarong
kaa;Karakalpak
jmc;
kah;Kara (Central African Republic)
kyl;Kalapuya
kao;Xasonga
kap;Bezhta
kaq;Capanahua
xsm;Kasem
xaw;Kawaiisu
kay;Kamaiurá
kaz;Kazakh
kbc;Kadiwéu
kbl;Kanembu
kbp;Kabiyé
kbq;Kamano-Kafe
kbr;Kefa
kbv;Dera
kbx;Kambot
kcg;Gworok
kck;Kalanga
kcl;Kela (Apoze)
kcn;Nubi
kcr;Katla
kct;Kaian
kcu;Kami
kcv;Kete
kde;Makonde
kdh;Tem
kdj;Karimojong
kdm;Kagoma
kir;Kirghiz
kdr;Karaim
kee;Keresan (Santa Ana)
ogo;Kana
kei;Kei
kek;K'ekchí
ken;Kenyang
kex;Kokni
kfa;Kodava
kfc;Konda
kff;Koya
kfq;Korku
kfy;Kumauni
kgg;Kusunda
kgk;Kaiwá
kgp;Kaingang
kgq;Kamoro
kgr;Abun
kgs;Gumbaynggir
knk;Koranko
khb;Lü
khd;Kanum (Bädi)
khl;Kaliai-Kove
xuo;Koh (Lakka)
khr;Kharia
khv;Khwarshi
khw;Khowar
kia;Kosop
kic;Kickapoo
kii;Kitsai
kam;Kamba
xte;Ketengban
hbb;Kilba
zga;Kinga
kjb;Kanjobal (Eastern)
kjc;Konjo
kje;Kisar
kjh;Khakas
kjn;Kunjen
kjp;Karen (Pwo)
kju;Kashaya
gio;Gelao
kki;Kaguru
kkk;Kokota
kkl;Yale (Kosarek)
kkw;Teke (Southern)
kky;Guugu Yimidhirr
klb;Kiliwa
kld;Gamilaraay
kle;Kulung
nnb;Nande
klq;Rumu
klr;Khaling
kls;Kalasha
klu;Klao
kma;Konni
kmh;Kalam
kmo;Kwoma
kmt;Kemtuik
kne;Kankanay
knj;Kanjobal (Western)
knn;Konkani
knm;Canamarí
kny;Kanyok
koe;Baale
kog;Cogui
kmw;Komo
ksh;German (Ripuarian)
xon;Konkomba
kot;Lagwan
koy;Koyukon
kpc;Curripaco
kpe;Kpelle
kpg;Kapingamarangi
kpj;Javaé
kpk;Kpan
kpm;Sre
kpo;Kposo
kpr;Korafe
kpt;Karata
kpy;Koryak
kpz;Sebei
kqi;Koita
khq;
krk;Kerek
krl;Karelian
krs;Kresh
kry;Kryz
ksb;Shambala
ksf;Bafia
kos;Kosraean
kum;Kumyk
ksq;Kwami
kss;Kisi (Southern)
kst;Ko (Winye)
ksx;Kedang
ktd;Gugada
ktg;Kalkatungu
ktn;Karitiâna
kto;Kuot
ktu;Kituba
ktv;Katu
ktw;Kato
ktz;Ju|'hoan
kvn;Kuna
gwi;Kutchin
kue;Kuman
kup;Kunimaipa
kuq;Karipuna (Guapore)
kuu;Kuskokwim (Upper)
kuz;Atacameño
kva;Bagwalal
kxu;Kui (India)
kvk;Sign Language South Korean
kru;Kurukh
kvo;Dobel
kvv;Kola
kwa;Dâw
kwd;Kwaio
kwe;Kwerba
kwn;Kwangali
kxa;Kairiru
kxv;Kuvi
kyc;Kyaka
kyj;Karao
kyq;Kenga
kys;Kayan (Baram)
kza;Tenyer
kzf;Da'a
kzi;Kelabit
kzj;Kadazan
lam;Lamba
lac;Lacandón
lae;Pattani
laf;Lafofa
lag;Langi
law;Lauje
laz;Aribwatsa
lbc;Lakkia
lbf;Tinani
lbo;Loven
lbt;Lachi
lby;Lamu-Lamu
lbz;Lardil
lch;Lucazi
lcm;Tungak
lea;Lega
led;Lendu
lee;Lyele
lef;Lelemi
leg;Lengua
les;Lese
leu;Kara (Papua New Guinea)
lew;Kaili
lex;Wetan
lgu;Longgu
lha;Laha
ita;Italian (Genoa)
lil;Lillooet
lin;Lingala
lis;Lisu
lit;Lithuanian
liv;Liv
liy;Linda
ljp;Lampung
lkr;Päri
lld;Ladin
lln;Lele
llp;Nguna
llu;Lau
lme;Lamé
lml;Raga
lmn;Lamani
lmw;Miwok (Lake)
lnb;Mbalanhu
oci;Occitan
lnd;Lun Dayeh
lob;Lobi
log;Logoti
loj;Lou
lok;Loko
lom;Loma
los;Loniu
loz;Lozi
ldd;Luri
lus;Mizo (Lushai)
lti;Leti
lua;CiLuba
lub;Kiluba
ojv;Luangiua
luo;Luo
lut;Lushootseed
ltz;Luxemburgeois
luy;Luyia
lun;Lunda
lwo;Jur Luwo
lww;Lewo
lzz;Laz
mjd;Konkow
mhr;Mari (Meadow)
knf;Mankanya
maq;Mazatec (Chiquihuitlán)
jle;Masakin
maw;Mampruli
mfy;Mayo
maz;Mazahua
mbb;Manobo (Western Bukidnon)
mbc;Macushi
mbe;Molala
mbj;Nadëb
mbn;Macaguán
mbp;Damana
mbq;Maisin
mbr;Nukak
mbt;Kulamanen
mbw;Maring
mcb;Machiguenga
mcd;Sharanahua
mcf;Matsés
mcg;Mapoyo
mch;Carib (De'kwana)
mcm;Malacca Creole
mcn;Masa
mco;Mixe (Coatlán)
mcp;Makaa
mcr;Menya
mda;Mada (Nigeria)
mdd;Mbum
mdf;Mordvin (Moksha)
mdh;Magindanao
mdi;Mamvu
mdj;Mangbetu
mdo;Mbodomo
mdq;Mbole
mdt;Mbere
mdy;Maale
mec;Mara
mei;Midob
mej;Meyah
mek;Mekeo
mel;Melanau
meu;Motu
mev;Mano
mey;Arabic (Bani-Hassan)
mez;Menomini
mfc;Mba
mfe;Mauritian Creole
mfi;Malgwa
mfv;Manjaku
men;Mende
mgd;Moru
mgf;Maklew
mgl;Maleu
mgr;Mambwe
mgu;Magi
mgw;Matuumbi
mhd;Mbugu
mhe;Mah Meri
mhi;Ma'di
mad;Madurese
mhk;Mungaka
mos;Moré
mdr;Mandar
mhq;Mandan
gdq;Mehri
mhv;Arakanese (Marma)
mhx;Maru
mhy;Ma'anyan
mhz;Mor
mia;Illinois
mib;Mixtec (Atatlahuca)
mic;Micmac
mid;Mandaic (Modern)
mie;Mixtec (Ocotepec)
mif;Mofu-Gudur
mig;Mixtec (San Miguel el Grande)
mih;Mixtec (Chayuco)
mik;Mikasuki
mil;Mixtec (Peñoles)
mim;Mixtec (Alacatlatzala)
mio;Mixtec (Jicaltepec)
miy;Mixtec (Ayutla)
miz;Mixtec (Coatzospan)
mjc;Mixtec (San Juan Colorado)
glv;Manx
mnc;Manchu
mjg;Mangghuer
mji;Mun
mjk;Matukar
mal;Malayalam
mjw;Mikir
swv;Shekhawati
mke;Mawchi
mkf;Miya
mkd;Macedonian
mks;Mixtec (Silacayoapan)
mla;Tamabo
mle;Manambu
mhj;Moghol
mlm;Mulao
mlp;Mugil
mlq;Maninka (Western)
mlt;Maltese
mlu;Toqabaqita
mlv;Mwotlap
nna;Nyangumarda
mme;Mae
mmn;Mamanwa
mms;Mam (Southern)
mmy;Migama
mna;Mangap-Mbula
umb;Umbundu
mng;Mnong (Eastern)
mku;
mkj;Mokilese
mnv;Rennellese
mnw;Mon
mnx;Sougb
mnz;Moni
moc;Mocoví
moe;Montagnais
mjy;Mahican
mog;Mongondow
moh;Mohawk
mok;Moraori
lol;Mongo
mnr;Mono (USA)
mop;Mopan
mot;Motilón (Chibchan)
mov;Mojave
moy;Moca
moz;Mokilko
mpe;Majang
mpj;Martu Wangka
mpk;Mbara
mpm;Mixtec (Yosondúa)
mpq;Matis
mps;Dadibi
min;Minangkabau
mqj;Mamasa
mag;Magahi
mqs;Makian (West)
mqy;Manggarai
mra;Mlabri (Minor)
mrd;Magar (Syangja)
mrg;Mising
mrh;Chin (Mara)
mrj;Mari (Hill)
mrn;Cheke Holo
mrq;Marquesan
mar;Marathi
mls;Masalit
msj;Ma
mso;Mombum
mak;Makassar
msu;Musom
msy;Mikarew
mte;Mono-Alu
mtf;Murik
mtk;Mbe'
mto;Mixe (Totontepec)
mtq;Muong
mua;Mundang
mug;Musgu
muh;Mündü
mzm;Mumuye
mnf;Mundani
muz;Mursi
mva;Manam
mvb;Mattole
mam;
mvf;Ordos
mvn;Minaveha
mwd;Mudburra
mwe;Mwera
mwv;Mentawai
mww;Miao (White)
mxj;Miju
mxk;Monumbo
mxp;Mixe (Tlahuitoltepec)
mxt;Mixtec (Jamiltepec)
mxu;Mada (Cameroon)
mxx;Mauka
mzk;Mambila
myb;Mbay
mye;Mpongwe
mym;Me'en
mnb;Muna
myu;Mundurukú
myv;Mordvin (Erzya)
myw;Muyuw
myy;Macuna
mzb;Berber (Mzab)
;Wichí
mah;Marshallese
mzn;Mazanderani
naf;Nabak
nag;Naga Pidgin
;Nahuatl (Xalitla)
nhw;Nahuatl (Huasteca)
nak;Nakanai
nal;Nalik
nam;Ngankikurungkurr
npy;Napu
nhx;Nahuatl (Mecayapan Isthmus)
nay;Ngarinyeri
nbc;Chang
nbf;Naxi
nbi;Naga (Mao)
nbj;Ngarinyman
nbx;Wangkumara
caq;
nce;Nagatman
ncj;Nahuatl (North Puebla)
ncl;Nahuatl (Michoacan)
ncu;Chumburung
ndo;Ndonga
ndi;Samba Leko
ndt;Mondunga
ndv;Ndut
ndz;Ndogo
nee;Nelemwa
neg;Negidal
nbl;Ndebele (South Africa)
nen;Nengone
nfr;Nafaanra
nga;Ngbaka
ngc;Ngombe
nge;Ngemba
ngi;Ngizim
ngk;Ngalkbun
bdu;Londo
ngo;Ngoni
pcc;Yay
nhb;Beng
nhn;Nahuatl (Central)
nhp;Nahuatl (Pajapan)
nhu;Noni
nid;Ngandi
nie;Lua
nih;Nyiha
nio;Nganasan
nia;Nias
niu;Niuean
niz;Ningil
njb;Nocte
njh;Lotha
njo;Ao
nju;Ngadjumaja
nkf;Kabui
nko;Nkonya
nkr;Nukuoro
nlg;Gela
nmb;Nambas (Big)
nmd;Ndumu
nmf;Naga (Tangkhul)
nmg;Bujeba
nni;Nuaulu
nnk;Nankina
nnm;Namia
nnt;Nanticoke
noa;Waunana
nog;Noghay
lao;Lao
not;Nomatsiguenga
npa;Nar-Phu
ita;Italian (Napolitanian)
nrl;Ngarluma
nrm;Narom
nau;Nauruan
nrz;Ala'ala
nse;Nsenga
nsk;Naskapi
nsl;Norsk Tegnspråk
nsm;Sema
nsn;Nehan
lns;Lamnso'
nsq;Miwok (Northern Sierra)
nsz;Nisenan
ntj;Ngaanyatjarra
ntm;Nateni
nto;Ntomba
ntp;Tepehuan (Northern)
nuf;Nusu
num;Niuafo'ou
nun;Anong
nup;Nupe
nus;Nuer
nut;Nung (Vietnam)
nuv;Nuni (Northern)
nux;Mehek
nwi;Tanna (Southwest)
nxg;Ngad'a
nxn;Ngawun
nya;Nyanga
nyj;Chichewa
now;Nyambo
nyn;Runyankore
nyp;Nyangi
nyo;Runyoro-Rutooro
nys;Nyungar
nyt;Nyawaygi
nym;Nyamwezi
nzk;Nzakara
nzm;Naga (Zeme)
nzs;Sign Language New Zealand
oaa;Orok
oac;Oroch
oca;Ocaina
ocu;Ocuilteco
ogb;Ogbia
ogu;Ogbronuagum
ojg;Ojibwa (Eastern)
ojs;Ojibwa (Severn)
oka;Okanagan
oku;Kuo
oma;Omaha
omb;Ambae (Lolovoli Northeast)
omg;Omagua
ong;Olo
ono;Onondaga
ons;Ono
ore;Orejón
ork;Orokaiva
oro;Orokolo
ort;Oriya (Kotia)
oru;Ormuri
osa;Osage
otz;Otomí (Ixtenco)
otm;Otomí (Sierra)
otq;Otomí (Santiago Mexquititlan)
otr;Otoro
oua;Berber (Wargla)
oym;Wayampi
oyb;Oi
pab;Parecis
pac;Pacoh
pap;Papiamentu
plu;Palikur
par;Shoshoni
pay;Pech
pbe;Popoloca (Metzontla)
pbf;Popoloca (San Vicente Coyotepec)
pbi;Podoko
pbr;Pangwa
pbs;Pame
pll;Palaung
pci;Parji (Dravidian)
pck;Paite
pcm;Nigerian Pidgin
tpi;Tok Pisin
pdo;Padoe
peg;Pengo
peh;Baonan
pej;Pomo (Northern)
fas;Persian (Western Farsi)
tgk;Tajik
pgu;Pagu
pia;Pima Bajo
pid;Piaroa
pif;Pingilapese
pim;Powhatan
pio;Piapoco
pip;Pero
bca;Bai
pir;Piratapuyo
pit;Pitta Pitta
piu;Pintupi
piv;Pileni
pkn;Pakanha
pko;Pokot
pks;Sign Language Indo-Pakistani (Karachi)
plg;Pilagá
plh;Paulohi
plo;Olutec
pau;Palauan
pam;Kapampangan
ita;Italian (Turinese)
pmt;Tuamotuan
pmw;Miwok (Plains)
pag;Pangasinan
pan;Panjabi
pnw;Panyjima
poa;Pocomam Oriental
pob;Pokomchí
poa;Pocomam
poe;Popoloca (San Juan Atzingo)
png;
poo;Pomo (Central)
pos;Sayultec
pot;Potawatomi
pov;Guinea Bissau Crioulo
pox;Polabian
poy;Pogoro
ppk;Uma
ppo;Podopa
pol;Polish
pre;Príncipense
prk;Parauk
prn;Prasuni
prs;Dari
frp;Provencal
psa;Pisa
psd;Sign Language Plains-Indians
psr;Língua Gestual Portuguesa
pss;Kaulong
pst;
ptp;Patep
ptu;Bambam
pui;Puinave
puo;Ksingmul
puw;Puluwat
pwg;Gapapaiwa
pww;Phlong
pym;Fyem
que;Quechua (Ancash)
ahg;Kemant
que;Quechua (Tarma)
xac;Kachari
kuy;Kuuku Ya'u
wdj;Pungupungu
xmu;Kamu
qvc;Quechua (Cajamarca)
que;Quechua (Ecuadorean)
quy;Quechua (Ayacucho)
rab;Camling
rad;Rade
ran;Riantana
rao;Rao
raw;Rawang
rej;Rejang
rel;Rendille
ren;Rengao
roh;Romansch
rif;Berber (Rif)
rim;Rimi
rit;Ritharngu
rmo;Romani (Burgenland)
rmt;Domari
rmw;Romani (Welsh)
rog;Roglai (Northern)
rom;Romani (North Russian)
rng;Ronga
roo;Rotokas
rop;Kriol (Ngukurr)
bpz;
rou;Runga
rro;Roro
rsl;Sign Language Russian
rth;Toratán
rtm;Rotuman
kin;Kinyarwanda
rug;Roviana
rut;Rutul
bel;Belorussian
rwa;Poko-Rawo
rwo;Rawa
sab;Buglere
sel;Selkup
sxn;Sangir
sba;Ngambay
sbc;Kele
sbf;Shabo
sbs;Subiya
sbu;Tod
sce;Santa
scl;Shina
xsr;Sherpa
sda;Toraja
sdg;Savi
sdm;Semandang
sdo;Mentuh Tapuh
sdp;Sherdukpen
sea;Semai
sed;Sedang
sef;Senadi
seh;Sena
sei;Seri
spl;Selepet
ser;Serrano
sey;Secoya
sgh;Rushan
sgl;Ishkashimi
sgz;Sursurunga
shb;Shiriana
sna;Shona
shi;Tashlhiyt
shj;Shatt
shk;Shilluk
shm;Koluri
shv;Jibbali
shy;Berber (Chaouia)
sif;Seme
snn;Siona
xsi;Sio
sip;Sikkimese
ssb;
siz;Berber (Siwa)
shn;Shan
sjr;Siar
sjw;Shawnee
skb;Saek
skh;Sikule
ski;Sika
sku;Sakao
skv;Sko
xsl;
slc;Sáliba (Colombia)
slh;Salish (Southern Puget Sound)
slk;Slovak
slr;Salar
slu;Selaru
slv;Slovene
sly;Selayar
slz;Ma'ya
xbr;Kambera
smq;Nomad
smr;Simeulue
snc;Sinaugoro
snd;Sindhi
snf;Noon
sin;Sinhala
div;Dhivehi
snk;Soninke
snp;Siane
snq;Sangu
snv;Sa'ban
sob;Sobei
sop;Songe
sov;Sonsorol-Tobi
lad;Ladino
spo;Spokane
sps;Taiof
spu;Sapuan
sqt;Soqotri
srb;Sora
hrv;
sri;Siriano
srl;Isirawa
srm;Saramaccan
srn;Sranan
srq;Sirionó
srs;Sarcee
nso;Sotho (Northern)
ssd;Siroi
sse;Sama (Balangingi)
ssf;Thao
ssl;Sisaala
ssn;Oromo (Waata)
sot;Sesotho
ssp;Sign Language Spanish
sst;Tabare
ssy;Saho
stc;Natügu
sti;Stieng
sto;Stoney
str;Salish (Straits)
suk;Sukuma
sus;Susu
sui;Suki
sum;Sumu
sjg;Sungor
sun;Sundanese
sur;Mupun
suv;Sulung
svs;Savosavo
swb;Comorian
swi;Sui
swl;Svenska Teckenspråket
ssw;Swati
pdt;Low German
szg;Sengele
szp;Inanwatan
szw;Sawai
taa;Tanana (Lower)
tab;Tabasaran
tac;Tarahumara (Western)
tae;Tariana
tpj;Tapiete
tpm;Tampulma
tan;Tangale
twf;Tiwa (Northern)
tap;Tabwa
tar;Tarahumara (Central)
tav;Tatuyo
tay;Atayal
tbd;Kaki Ae
tbg;Tairora
tbh;Dharawal
tbi;Ingessana
tbl;Tboli
tbu;Tubar
tbw;Tagbanwa (Aborlan)
tby;Tabaru
tca;Ticuna
tcb;Tanacross
tcc;Datooga
tcg;Tamagario
tuk;Turkmen
tcs;Broken
tam;Tamil
tel;Telugu
tcx;Toda
tcy;Tulu
tcz;Thadou
tdn;Tondano
tds;Doutai
ter;Terena
stp;Tepehuan (Southeastern)
teh;Tehuelche
tem;Temne
tll;Tetela
teo;Teso
tep;Tepecano
teq;Temein
atj;Atikamekw
teu;So
tew;Tewa (Arizona)
tex;Tennet
tfn;Tanaina
tfr;Teribe
tft;Ternate
tgc;Tigak
tgg;Tangga
tir;Tigrinya
tgo;Sudest
thd;Thaayorre
thf;Thangmi
thp;Thompson
tht;Tahitian
thv;Tuareg (Ahaggar)
tig;Tigré
tih;Timugon
tik;Tikar
til;Tillamook
tin;Tindi
tio;Teop
tiv;Tiv
tix;Tiwa (Southern)
tiy;Tiruray
tkr;Tsakhur
;Tati (Southern)
tkw;Buma
tlb;Tobelo
tld;Talaud
tlj;Talinga
tlo;Jomang
tma;Tama
tmc;Tumak
tmd;Haruai
tmq;Tumleo
aoz;Timorese
tna;Tacana
tnc;Retuarã
tuf;Tunebo
tnk;Kwamera
tnm;Tabla
tnt;Tontemboan
tob;Toba
toi;Tonga (Zambia)
toj;Tojolabal
tkl;Tokelauan
too;Totonac (Xicotepec de Juárez)
tos;Totonac (Sierra)
ton;Tongan
tow;Jemez
tqo;Toaripi
tpq;Nyamkad
tcf;Tlapanec
trc;Trique (Copala)
trg;Neo-Aramaic (Persian Azerbaijan)
tro;Tarao
trp;Kokborok
trr;Taushiro
trs;Trique (Chicahuaxtla)
chk;Chuukese
trv;Seediq
trw;Torwali
tsg;Tausug
tsj;Tshangla
tsm;Türk Isaret Dili
tso;Tsonga
tsp;Toussian
tsq;Sign Language Thai
tss;Sign Language Taiwanese
tsv;Tsogo
tsn;Tswana
tsu;Tsou
tta;Tutelo
ttc;Teco
tti;Tobati
tet;Tetun
tat;Tatar
ttt;Tat (Muslim)
tty;Sikaritai
tub;Tubatulabal
tue;Tuyuca
tuh;Taulil
tui;Tupuri
tuo;Tucano
xed;Hdi
tus;Tuscarora
ttm;Tutchone (Northern)
tuv;Turkana
tvk;Ambrym (Southeast)
tvo;Tidore
twa;Twana
aka;Akan
txn;Tarangan (West)
txu;Kayapó
txx;Tatana'
typ;Thaypan
tza;Sign Language Tanzania
tzb;Tzeltal (Bachajón)
;Tzotzil
tzn;Tugun
tzs;Tzotzil (San Andrés)
tzz;Tzotzil (Zinacantán)
uby;Ubykh
ude;Udihe
udl;Uldeme
ugn;Sign Language Ugandan
ukr;Ukrainian
uks;Sign Language Urubú
sah;Yakut
ulc;Ulcha
uli;Ulithian
ulk;Meryam Mir
uma;Sahaptin (Umatilla)
ubu;Kaugel
umu;Munsee
unp;Worora
upv;Atchin
urd;Urdu
ure;Uru
urh;Urhobo
uri;Urim
urk;Urak Lawoi'
ury;Orya
uum;Urum
uur;Ura
uwa;Kugu Nganhcara
uzb;Uzbek (Northern)
vaf;Vafsi
vag;Vagla
vai;Vai
van;Walman
var;Guarijío
vas;Vasavi
ved;Vedda
ven;Venda
vep;Veps
viv;Iduna
vkt;Kutai
vky;Kayu Agung
nld;Dutch (Zeeuws)
vmw;Makua
vot;Votic
waa;Sahaptin (Northern)
wgi;Wahgi
wls;Wallisian
wam;Massachusett
wap;Wapishana
waq;Wagiman
wau;Waurá
waw;Wai Wai
wax;Watam
way;Wayana
wal;Wolaytta
wbj;Alagwa
wbl;Wakhi (Wakhan)
wbv;Watjarri
wca;Yanomámi
wdj;Bachamal
wed;Wedau
dsb;Sorbian (Lower)
wem;Wéménugbé
hsb;Sorbian (Upper)
wep;German (Westphalian)
wer;Weri
wgy;Warrgamay
wib;Toussian (Win)
wig;Wik Ngathana
wim;Wik Munkan
wiw;Wirangu
wlg;Gunbalang
wlo;Wolio
cym;Welsh
wms;Wambon
wmt;Walmatjari
wnc;Wantoat
woa;Tyeraity
wob;Wobe
woe;Woleaian
wog;Wogamusin
woi;Woisika
wol;Wolof
wos;Hanga Hundi
wrb;Warluwara
wrg;Warrungu
wrp;Waropen
war;Waray-Waray
wti;Berta
wuu;Wu
wya;Wyandot
wyy;Fijian (Wayan)
xam;|Xam
xas;Kamass
xav;Xavante
xer;Xerénte
xki;Sign Language Kenyan
xkp;Kabatei
;Mekens
xmf;Mingrelian
xmm;Manadonese
xho;Xhosa
xra;Krahô
xxk;Ke'o
yaa;Yaminahua
yae;Yaruro
yaf;Yaka
yag;Yahgan
yah;Yazgulyam
yai;Yaghnobi
yam;Yamba
yao;Yao (in Malawi)
yas;Gunu
ybe;Saryg Yughur
ycn;Yucuna
yer;Tarok
yey;Yeyi
yia;Yingkarta
;Yi
xwg;Koegu
yij;Yindjibarndi
ywt;Lalo
yiy;Yir Yiront
yka;Yakan
yky;Yakoma
yle;Yelî Dnye
yll;Yil
yly;Nyalayu
tao;Yami
yns;Yansi
yap;Yapese
yrb;Yareba
ysr;Yup’ik (Sirenik)
yue;Cantonese
yui;Yuruti
yuk;Yuki
yul;Yulu
yum;Quechan
yup;Yukpa
yuu;Yugh
yux;Yukagir (Kolyma)
yuy;Shira Yughur
ywr;Yawuru
zaa;Zapotec (Juárez)
zab;Zapotec (San Lucas Quiaviní)
zne;Zande
zav;Zapotec (Yatzachi)
zaw;Zapotec (Mitla)
zay;Zayse
zen;Zenaga
zik;Zimakani
zmc;Margany
zmi;Malay (Ulu Muar)
zml;Madngele
zmq;Mituku
zmt;Maringarr
zmu;Muruwari
zoh;Zoque (Chimalapa)
zor;Zoque (Rayon)
zos;Zoque (Francisco León)
zpd;Zapotec (Ixtlan)
zpi;Zapotec (Quiegolani)
zpm;Zapotec (Mixtepec)
zpq;Zapotec (Zoogocho)
zpz;Zapotec (Texmelucan)
zro;Zaparo
zza;Zazaki
xct;Tibetan (Classical)
dar;Dargi (standard)
agx;Agul
gaf;Gende
tkp;Tikopia
grc;Greek (Ancient)
got;Gothic
ang;English (Old)
uga;Ugaritic
nud;Ngala
psw;Port Sandwich
ggd;Gugadj
zmm;Maramanandji
bea;Beaver
tmr;Aramaic (Biblical)
yok;Yokuts (Valley)
tlp;Totonac (Filomeno Mata)
dng;Dungan
swr;Saweru
skv;Skou
bdq;Bahnar
nds;Low German (Old)
goh;High German (Old)
osx;Old Saxian
;Old Norse
ofs;Frisian (Old)
orv;Russian (Old)
;Bulgarian (Old)
ems;Yup’ik (Pacific Gulf)
ctn;Chintang
pum;Puma
neb;Toura
wme;Wambule
pli;Pali
ygr;Yagaria
tji;
dnw;Lani (Western Dani)
bap;Bantawa
yau;Waruwaru
ple;Palu'e
adn;Adang
kxl;Dhangar
sat;Satar
;Kisan
kab;Berber (Kabyle)
sgh;Khufi
sgl;Zebaki
sgh;Shughni
sgh;Bartangi
sgh;Roshorvi
srh;Sariqoli
sgl;Sanglichi
ydg;Yidgha
mnj;Munji
prc;Parachi
lat;Latin
scn;Sicilian
;Mongolian (Peripheral)
agj;Argobba
asb;Assiniboine
fra;French (Cajun)
ave;Avestan
yba;Yala
thk;Tharaka
dee;Dewoin
duf;Dumbea
tam;Irula
saz;Saurashtra
bun;Sherbro
url;Urali
syc;Syriac
nbm;Ngbaka Ma'bo
reg;Kara (Tanzania)
wbl;Wakhi (Hunza)
djl;Djiwarli
kiu;Kirmanjki
diq;Dimili
ynd;Yandruwandha
;Tarom
xkj;Kajali
shm;Shahrudi
;Chali
tks;Takestani
esh;Eshtehardi
dbl;Giramay (Dyirbal)
tly;Talysh (Northern)
xub;Betta Kurumba
doa;Dom
ngh;Nǀuu
atr;Waimiri Atroari
phl;Palula
var;River Warihío
nht;Nahuatl (Ometepec)
poq;Popoluca (Texistepec)
mlw;Moloko
rah;Rabha
bph;Botlikh
dar;Dargi (Chirag)
dar;Dargi (Mehweb)
dar;Dargi (Icari)
dar;Dargi (Urakhi)
kpj;Karajá
eto;Eton
ttu;Torau
suz;Kõic
kee;Keresan (Laguna)
puy;Puyuma
ava;Avar (Chadakolob)
akv;Akhvakh (Northern)
dar;Dargi (Kaitag)
shi;Shilha
sxr;Saaroa
lzz;Laz (Ardeşen)
ktb;Kambaata
lgq;Logba
hna;Mina
kyo;Klon
nco;Sibe
tdh;Thulung (Ribdung)
kkt;Koyi
bch;Bariai
yal;Jalonke
abz;Abui
;Dogon (Tommo So)
djm;Dogon (Jamsay)
mtd;Mualang
ssg;Seimat
twe;Teiwa
bcr;Witsuwit'en
hue;Huave (San Francisco del Mar)
;Sasak (Puyung meno-mené)
ybh;Yakkha
rey;Reyesano
jee;Jero
tdh;Old Thulung (Mukli)
aat;Arvanitika
jut;Jutish
paq;Parya
cos;Corsican
enb;Markweeta
enh;Enets (Tundra)
she;Sheko
bhj;Bahing
hsn;Xiang
tsb;Tsamai
lbr;Lohorung
mla;Tamambo
yak;Yakima
zwa;Zay
kcx;Kachama-Ganjule
nnh;Ngiemboon
 Balessing; Bangang
 Balessing; Bangang
alw;Alaba-K’abeena
stv;Silt’e
ghl;Gulfan
kdu;Kadaru
czn;Chatino (Zenzontepec)
wgw;Wagawaga
cat;Catalan (Balearic)
bqj;Bandial
blp;Blablanga
otl;Otomi (Tilapa)
bit;Berinomo
buy;Bullom So
aot;Atong
mkz;Makasae
mkz;Makalero
hmq;Miao (Eastern Qiandong)
erk;Efate (South)
gho;Ghomara
taq;Tamashek (Mali)
wja;Waja
(d)taq;Tamashek (Burkin Faso)
sgw;Gurage (Sebat Bet)
ajg;Aja (Benin)
ada;Dangme
lic;Hlai
zpx;Zapotec (San Baltazar Loxicha)
kub;Kutep
kih;Kilmeri
miw;Akoye
ago;Tainae
zia;Zia
nou;Ewage-Notu
mcq;Ese
med;Melpa
nii;Nii
imo;Imbongu
nca;Iyo
awx;Awara
ksr;Borong
eme;Emerillon
ojc;Ojibwa (Central)
aoj;Mufian
xbi;Kombio
kms;Kamasau
bjz;Baruga
tim;Timbe
kmu;Kanite
kze;Kosena
waj;Waffa
iws;Iwam (Sepik)
sim;Seim
ham;Hewa
sny;Saniyo-Hiyewe
mnh;Mono
;Dogon (Ben Tey)
dbu;Dogon (Najamba)
;Dogon (Yorno So)
;Dogon (Togo Kan)
;Dogon (Nanga)
ots;Otomi (Estado de México)
;Neo-Aramaic (Barwar)
kxo;Kanoé
jbt;Djeoromitxi
;Otí
tit;Tinigua
spc;Caliana
kqq;Krenak
bnn;Bunun
uun;Pazeh
d(nep);Nepali (Eastern)
qum;Sipakapense
bwm;Biwat
rkg;Rangkas
lnj;Leningitij
gun;Guaraní (Mbyá)
agb;Legbo
duo;Agta (Dupaninan)
adx;Tibetan (Amdo)
avi;Avikam
amm;Ama
buu;Budu
bio;Nai
bdr;Bajau (West Coast)
bxj;Bayungu
cap;Chipaya
csk;Diola-Kasa
dds;Donno So
dhl;Dhalandji
gdb;Gadaba (Kondekor)
guf;Gupapuyngu
guw;Gungbe
huc;‡Hoan
khg;Kham (Dege)
kkh;Khün
kui;Kuikúro
kwy;Iwoyo
gbb;Kaytej
kyz;Kayabí
lbu;Labu
lmu;Lamen
mdw;Mbosi
mge;Mango
mcs;Mambai
moj;Munzumbo
mxe;Ifira-Mele
mdm;Mayogo
bud;Ncàm
ney;Neyo
nlr;Ngarla
nly;Nyamal
sen;Nanerge
kre;Panará
ral;Ralte
ryu;Okinawan (Shuri)
sid;Sidaama
sub;Suku
sii;Shompen
skj;Tangbe
tms;Tima
tvt;Tutsa
ump;Umpila
urt;Urat
vif;Vili
vka;Kariera
vnm;Vinmavis
wbt;Wanman
wgg;Wangkangurru
wkw;Wagawaga (Australia)
wan;Wan
wrm;Warumungu
wwa;Waama
xns;Kanashi
ylr;Yalarnnga
zag;Beria
dba;Bangime
cog;Chong
fij;Fijian (Nadroga)
bdw;Baham
nad;Balyku
wra;Barupu
kwo;Kwomtari
fqs;Momu
lec;Leko
mqf;Momuna
owi;Owininga
mpj;Wangkajunga
hmb;Songhay (Humburi Senni)
bfn;Bunak
mtj;Moskona
;Irish (Old)
